CREATE DATABASE  IF NOT EXISTS `bookmanger` /*!40100 DEFAULT CHARACTER SET utf8 */;
USE `bookmanger`;
-- MySQL dump 10.13  Distrib 5.7.12, for osx10.9 (x86_64)
--
-- Host: 127.0.0.1    Database: bookmanger
-- ------------------------------------------------------
-- Server version	5.7.14

/*!40101 SET @OLD_CHARACTER_SET_CLIENT=@@CHARACTER_SET_CLIENT */;
/*!40101 SET @OLD_CHARACTER_SET_RESULTS=@@CHARACTER_SET_RESULTS */;
/*!40101 SET @OLD_COLLATION_CONNECTION=@@COLLATION_CONNECTION */;
/*!40101 SET NAMES utf8 */;
/*!40103 SET @OLD_TIME_ZONE=@@TIME_ZONE */;
/*!40103 SET TIME_ZONE='+00:00' */;
/*!40014 SET @OLD_UNIQUE_CHECKS=@@UNIQUE_CHECKS, UNIQUE_CHECKS=0 */;
/*!40014 SET @OLD_FOREIGN_KEY_CHECKS=@@FOREIGN_KEY_CHECKS, FOREIGN_KEY_CHECKS=0 */;
/*!40101 SET @OLD_SQL_MODE=@@SQL_MODE, SQL_MODE='NO_AUTO_VALUE_ON_ZERO' */;
/*!40111 SET @OLD_SQL_NOTES=@@SQL_NOTES, SQL_NOTES=0 */;

--
-- Table structure for table `tb_bookcase`
--

DROP TABLE IF EXISTS `tb_bookcase`;
/*!40101 SET @saved_cs_client     = @@character_set_client */;
/*!40101 SET character_set_client = utf8 */;
CREATE TABLE `tb_bookcase` (
  `id` int(11) NOT NULL AUTO_INCREMENT,
  `name` varchar(30) DEFAULT NULL,
  PRIMARY KEY (`id`),
  UNIQUE KEY `tb_bookcase_name_uindex` (`name`)
) ENGINE=InnoDB AUTO_INCREMENT=5 DEFAULT CHARSET=utf8;
/*!40101 SET character_set_client = @saved_cs_client */;

--
-- Dumping data for table `tb_bookcase`
--

LOCK TABLES `tb_bookcase` WRITE;
/*!40000 ALTER TABLE `tb_bookcase` DISABLE KEYS */;
INSERT INTO `tb_bookcase` VALUES (2,'哲学书架1'),(4,'文学类书架1'),(3,'计算机类书架1'),(1,'计算机类书架2');
/*!40000 ALTER TABLE `tb_bookcase` ENABLE KEYS */;
UNLOCK TABLES;

--
-- Table structure for table `tb_bookinfo`
--

DROP TABLE IF EXISTS `tb_bookinfo`;
/*!40101 SET @saved_cs_client     = @@character_set_client */;
/*!40101 SET character_set_client = utf8 */;
CREATE TABLE `tb_bookinfo` (
  `barcode` varchar(30) DEFAULT NULL COMMENT '条形码',
  `bookname` varchar(70) DEFAULT NULL,
  `typeid` int(11) DEFAULT NULL,
  `author` varchar(30) DEFAULT NULL,
  `translator` varchar(30) DEFAULT NULL,
  `ISBN` varchar(20) DEFAULT NULL COMMENT '出版社',
  `price` float(8,2) DEFAULT NULL,
  `page` int(11) DEFAULT NULL,
  `bookcase` int(11) DEFAULT NULL,
  `storage` int(11) DEFAULT NULL,
  `inTime` date DEFAULT NULL,
  `del` tinyint(4) DEFAULT NULL COMMENT '是否删除',
  `operator` varchar(30) DEFAULT NULL,
  `id` int(11) NOT NULL AUTO_INCREMENT,
  PRIMARY KEY (`id`),
  KEY `tb_bookinfo_tb_booktype_id_fk` (`typeid`),
  KEY `tb_bookinfo_tb_bookcase_id_fk` (`bookcase`),
  KEY `tb_bookinfo_bookname_asc` (`bookname`),
  CONSTRAINT `tb_bookinfo_tb_bookcase_id_fk` FOREIGN KEY (`bookcase`) REFERENCES `tb_bookcase` (`id`),
  CONSTRAINT `tb_bookinfo_tb_booktype_id_fk` FOREIGN KEY (`typeid`) REFERENCES `tb_booktype` (`id`)
) ENGINE=InnoDB AUTO_INCREMENT=1311 DEFAULT CHARSET=utf8 COMMENT='图书信息表';
/*!40101 SET character_set_client = @saved_cs_client */;

--
-- Dumping data for table `tb_bookinfo`
--

LOCK TABLES `tb_bookinfo` WRITE;
/*!40000 ALTER TABLE `tb_bookinfo` DISABLE KEYS */;
INSERT INTO `tb_bookinfo` VALUES ('124124122','html',1,'清华',NULL,'1',49.00,1000,2,50,'2016-08-24',NULL,'张三',1),('311531000.8438589','mrqtcdtlciiwyvket',1,'knqm',NULL,'1',9468.84,99689,1,616,NULL,NULL,'张三',103),('509314773.52842146','vpxphjrpngsy',1,'bxtjpdpsvnnke',NULL,'1',1828.31,45587,1,435,NULL,NULL,'张三',104),('507737702.72958964','fmorvuulchlqu',1,'hcxtggjg',NULL,'1',8221.57,78446,1,206,NULL,NULL,'张三',106),('357638039.6116787','cgycctxnqyc',1,'wppeedeqvmxwuta',NULL,'1',3176.31,67487,1,660,NULL,NULL,'张三',107),('734895118.5507722','mplgtijk',1,'h',NULL,'1',8856.56,16841,1,82,NULL,NULL,'张三',108),('110491969.4999974','vfqmbvwsoffnyofkp',1,'txcojruxwcflgjgxl',NULL,'1',2322.27,13280,1,707,NULL,NULL,'张三',110),('509898453.07985204','nwfqb',1,'xtehqmbjsrl',NULL,'1',6485.05,64034,1,729,NULL,NULL,'张三',111),('971452908.7802166','j',1,'dhwpaeytqjihq',NULL,'1',5096.69,63023,1,495,NULL,NULL,'张三',112),('335205815.0075453','jmat',1,'xkaywawpxcxoihuj',NULL,'1',3612.25,32085,1,870,NULL,NULL,'张三',113),('734147018.5281512','pfxjlmbwpnfpiyqc',1,'tbypje',NULL,'1',6924.20,56039,1,356,NULL,NULL,'张三',114),('130487451.37192175','ifwixjgsndtswdewmn',1,'bbyhb',NULL,'1',4930.54,51350,1,475,NULL,NULL,'张三',115),('770806949.0406021','ygrkdn',1,'hgmdhbtuilbobnkvk',NULL,'1',6663.66,69971,1,488,NULL,NULL,'张三',116),('521953393.7746497','',1,'verorxqna',NULL,'1',5299.22,35048,1,940,NULL,NULL,'张三',117),('602746716.2033944','iddpqqbl',1,'mv',NULL,'1',8007.84,80558,1,820,NULL,NULL,'张三',118),('9631445.429331476','tqjrdiugsg',1,'gvdigydlmcriyjss',NULL,'1',1124.88,70536,1,152,NULL,NULL,'张三',119),('464783623.003565','bit',1,'dnqnrkt',NULL,'1',9979.38,64816,1,509,NULL,NULL,'张三',120),('285842790.48795205','uvemoqdlplq',1,'aprkc',NULL,'1',3109.30,91887,1,484,NULL,NULL,'张三',121),('509339059.04845357','tehytfyefyisqkc',1,'hlbyevggcnqmwcpejy',NULL,'1',2057.30,52895,1,689,NULL,NULL,'张三',122),('532789850.4209189','hvtsbwp',1,'',NULL,'1',7025.68,26864,1,286,NULL,NULL,'张三',123),('79600778.5107321','icg',1,'grm',NULL,'1',1979.14,85709,1,781,NULL,NULL,'张三',124),('289070688.5810507','yfxws',1,'fahgwjodotjeqva',NULL,'1',5903.58,22486,1,91,NULL,NULL,'张三',126),('529131220.52111304','krndwhgjdwc',1,'sydoftlxtqdsx',NULL,'1',2701.85,16150,1,792,NULL,NULL,'张三',127),('565617461.7749041','jsjhdr',1,'usayexabtbgpvwu',NULL,'1',4816.36,32294,1,563,NULL,NULL,'张三',128),('852612604.5255173','ohcqs',1,'imn',NULL,'1',8865.63,43968,1,714,NULL,NULL,'张三',129),('333248399.02510697','emyyda',1,'rfvvnwhtoo',NULL,'1',8338.03,89667,1,245,NULL,NULL,'张三',130),('26920421.801695958','frkqucq',1,'dsxyhjounnokdcwrqym',NULL,'1',4274.71,75184,1,481,NULL,NULL,'张三',131),('861278774.9994801','spobxuurx',1,'rypvin',NULL,'1',1867.74,71862,1,82,NULL,NULL,'张三',132),('900599402.2456383','rbnosvofvxigv',1,'qubwghpudygdva',NULL,'1',6340.94,99229,1,635,NULL,NULL,'张三',133),('771107061.3921117','qmtsejxculh',1,'d',NULL,'1',6103.77,45476,1,431,NULL,NULL,'张三',134),('13503319.4190598','scp',1,'hnnpluwsa',NULL,'1',4386.94,96479,1,436,NULL,NULL,'张三',135),('283717953.7831566','okcfcesiqgli',1,'bjjrpisid',NULL,'1',9155.37,6388,1,568,NULL,NULL,'张三',136),('450896352','软件工程',1,'网',NULL,'1',4537.84,83301,1,506,'2016-08-31',NULL,'张三',139),('180006860.26269674','lphebxhrtifxomw',1,'qyesgrbcitggu',NULL,'1',1139.27,7123,1,173,NULL,NULL,'张三',141),('872486774.53816','leujdfqplmxwgfr',1,'rlkyuhxbpdo',NULL,'1',9365.02,29129,1,735,NULL,NULL,'张三',142),('232558111.0760372','gkckqkldokq',1,'',NULL,'1',9922.64,34654,1,312,NULL,NULL,'张三',143),('205005878.90254885','ssfvbvbuyw',1,'lksdsrljawmshnbhvn',NULL,'1',3090.46,47656,1,367,NULL,NULL,'张三',145),('482740882.97671634','e',1,'l',NULL,'1',4024.51,41832,1,480,NULL,NULL,'张三',147),('273271423.20613563','rvpsisdp',1,'arcnaalmuppxm',NULL,'1',906.64,46573,1,902,NULL,NULL,'张三',148),('333545795.89412457','ikgs',1,'eglhffqqnt',NULL,'1',3911.86,3543,1,983,NULL,NULL,'张三',149),('596889953.5364088','uhaeoilhhoogsvro',1,'coi',NULL,'1',2132.04,48142,1,514,NULL,NULL,'张三',151),('770810465.1464199','km',1,'ocgyrqmncmkrm',NULL,'1',7971.48,97957,1,711,NULL,NULL,'张三',152),('776307211.5444717','ilyjkkcco',1,'mp',NULL,'1',8498.10,32031,1,238,NULL,NULL,'张三',153),('421581951.23267263','rmtj',1,'julukhttluwmpdh',NULL,'1',1617.78,254,1,435,NULL,NULL,'张三',154),('699879152.8315903','tlfac',1,'jnnprok',NULL,'1',191.18,71560,1,613,NULL,NULL,'张三',155),('23824469.212029964','s',1,'jfmmqhbnbrfm',NULL,'1',6861.41,98028,1,166,NULL,NULL,'张三',156),('160355050.24677798','mdv',1,'octpdneiobvdfmf',NULL,'1',5708.22,32183,1,487,NULL,NULL,'张三',157),('938819159.2906393','pmbfsynonqplak',1,'xrl',NULL,'1',189.30,61036,1,803,NULL,NULL,'张三',158),('960229967.9198239','',1,'bymboy',NULL,'1',3979.87,70007,1,266,NULL,NULL,'张三',160),('617664462.3795538','ktmclm',1,'atlpjwlmpbyjghhtrx',NULL,'1',4459.63,68049,1,787,NULL,NULL,'张三',161),('781109166.3167742','gfvguaf',1,'wd',NULL,'1',1789.85,79364,1,935,NULL,NULL,'张三',162),('424971880.2140944','bdmobltosefdlpvwc',1,'xotcvpldielwvs',NULL,'1',3211.54,4092,1,747,NULL,NULL,'张三',163),('34462808.463061154','yrsqsekxfbvtjxwpth',1,'fismgdeevboccmlalir',NULL,'1',1201.36,58668,1,465,NULL,NULL,'张三',164),('976495922.2532046','rhuxb',1,'ftawvidrpeonrqu',NULL,'1',748.12,70461,1,776,NULL,NULL,'张三',165),('840760399.3517848','vo',1,'',NULL,'1',3917.75,58614,1,103,NULL,NULL,'张三',166),('811957277.1632699','nhenapxicml',1,'',NULL,'1',7199.33,36968,1,48,NULL,NULL,'张三',167),('108413880.91670968','bejeeigkdgfepucklnn',1,'thutxawf',NULL,'1',4682.88,22151,1,917,NULL,NULL,'张三',168),('733872539.1193111','sulhvciwrpvaflltj',1,'bskkqhtthld',NULL,'1',1040.98,82203,1,878,NULL,NULL,'张三',169),('150348218.4638415','nqxnxylsblqrhkqttf',1,'jwnlooudwwfrnovggs',NULL,'1',1226.37,79585,1,146,NULL,NULL,'张三',170),('799593498.9291259','',1,'ybpc',NULL,'1',9495.64,67056,1,594,NULL,NULL,'张三',171),('560908117.412675','lgghgogwpxynddonjbx',1,'noahmpvyiabwayxheb',NULL,'1',4353.68,4544,1,966,NULL,NULL,'张三',172),('406357816.35966694','xyssxjjqvlbxptwvfxj',1,'hlb',NULL,'1',7382.86,48520,1,909,NULL,NULL,'张三',173),('817689084.6975428','ajepflkyfndr',1,'jdagyufp',NULL,'1',4462.22,68353,1,431,NULL,NULL,'张三',174),('163739216.22192046','ulrr',1,'gdcj',NULL,'1',4849.80,83829,1,501,NULL,NULL,'张三',175),('73267000.09565112','njajaqclidanitb',1,'qd',NULL,'1',1032.15,68043,1,292,NULL,NULL,'张三',176),('556528074.3613769','bbdkmqwebm',1,'sielerdxlp',NULL,'1',9759.20,20240,1,5,NULL,NULL,'张三',177),('938671372.0439104','nnde',1,'adegguvxmwfmfhy',NULL,'1',9282.28,48828,1,826,NULL,NULL,'张三',178),('355877830.747504','oulhrmnfrdlv',1,'vdijdaxjjgvkmpm',NULL,'1',1370.11,28024,1,933,NULL,NULL,'张三',180),('273978423.9996881','jpcnfvqpepmb',1,'rkx',NULL,'1',1779.40,30268,1,446,NULL,NULL,'张三',181),('429325402.799556','',1,'royjh',NULL,'1',1889.59,2036,1,561,NULL,NULL,'张三',184),('159378997.642452','vjunohlyqpokpbbtj',1,'inknbjawwtl',NULL,'1',4685.55,48957,1,45,NULL,NULL,'张三',186),('976517056.6470882','wacghehwas',1,'cn',NULL,'1',4447.11,45797,1,631,NULL,NULL,'张三',187),('953525190.6713825','jvumgclkkvajqn',1,'wjqvhdjtvqlfi',NULL,'1',2254.02,54527,1,268,NULL,NULL,'张三',188),('848184862.8358186','gpqptebgax',1,'ulwljrjsvyvumayomo',NULL,'1',928.77,88097,1,565,NULL,NULL,'张三',189),('959431253.1307032','nkducyafghsyygeh',1,'ivyhf',NULL,'1',283.60,25351,1,150,NULL,NULL,'张三',190),('609929079.8555446','otnrpuoemtvorohqxj',1,'dxoq',NULL,'1',9100.58,19288,1,272,NULL,NULL,'张三',191),('509429139.1797066','mfafwlaxdlhhionnrpy',1,'eulcio',NULL,'1',4605.03,93058,1,366,NULL,NULL,'张三',192),('131304061.4947517','xir',1,'',NULL,'1',7181.64,50272,1,473,NULL,NULL,'张三',193),('286878332.5834131','l',1,'fhugsnknyq',NULL,'1',9349.28,46566,1,381,NULL,NULL,'张三',194),('587582534.209318','ugtgi',1,'wuwybqkxbhm',NULL,'1',4505.26,9750,1,435,NULL,NULL,'张三',195),('680258711.4943805','bhhofuequapppkn',1,'nx',NULL,'1',298.39,48777,1,580,NULL,NULL,'张三',196),('945461650.1346492','uqfnoykoelr',1,'adllhjkqjeowtfkpsa',NULL,'1',4080.41,27935,1,413,NULL,NULL,'张三',197),('592178712.3934162','rxvcqneexlgbnlijrli',1,'r',NULL,'1',8921.39,55681,1,647,NULL,NULL,'张三',198),('313777332.95974994','gpe',1,'cnpi',NULL,'1',2315.30,12746,1,797,NULL,NULL,'张三',199),('252852370.4724177','gjylobri',1,'kryycopspysnpxgnd',NULL,'1',7686.71,54136,1,419,NULL,NULL,'张三',200),('382457894.57674074','ydsjd',1,'sccst',NULL,'1',9998.60,13582,1,424,NULL,NULL,'张三',201),('702546277.0710838','ulex',1,'heijgrthf',NULL,'1',614.45,84203,1,344,NULL,NULL,'张三',202),('770469745.9485492','gqcd',1,'oq',NULL,'1',2614.65,58776,1,45,NULL,NULL,'张三',203),('864597183.1580234','awrl',1,'fwcwsaaejbmyhsqby',NULL,'1',4723.64,14110,1,358,NULL,NULL,'张三',204),('644452165.2257649','klvgrqexwo',1,'tghqkliqev',NULL,'1',4203.97,46251,1,563,NULL,NULL,'张三',205),('855046236.0222191','ynogyarffux',1,'xwvriuliywd',NULL,'1',4498.59,18571,1,988,NULL,NULL,'张三',206),('505858653.81411856','dsppj',1,'gjlmomrdm',NULL,'1',6614.72,25394,1,910,NULL,NULL,'张三',207),('957547541.5581261','ufkwlpp',1,'goglgnfn',NULL,'1',8103.81,53612,1,977,NULL,NULL,'张三',208),('18105269.90840344','ritiolqb',1,'gm',NULL,'1',4626.92,59085,1,575,NULL,NULL,'张三',209),('639432389.6288283','qlhpi',1,'pcn',NULL,'1',7587.68,79308,1,62,NULL,NULL,'张三',210),('239477422.0842092','iabw',1,'stainjjic',NULL,'1',9226.95,14066,1,345,NULL,NULL,'张三',211),('968716683.7798653','eegdutabovohtt',1,'ffvacyvprsnc',NULL,'1',6404.52,13349,1,118,NULL,NULL,'张三',212),('615999529.5637327','glboxplqawxdkgxgrib',1,'tu',NULL,'1',3580.14,25677,1,701,NULL,NULL,'张三',213),('700121556.2801231','',1,'tvgcmbkxyjeqho',NULL,'1',3332.69,87264,1,887,NULL,NULL,'张三',214),('685384343.7483037','rfmyolxllrpl',1,'',NULL,'1',3964.09,88684,1,955,NULL,NULL,'张三',215),('284159180.5802068','jwbkxvijf',1,'',NULL,'1',8259.90,59048,1,671,NULL,NULL,'张三',216),('153433442.67239466','wmisf',1,'yddcwmrfxf',NULL,'1',6212.39,72678,1,124,NULL,NULL,'张三',217),('785958696.272848','pgnqgaafsix',1,'b',NULL,'1',9737.71,23134,1,506,NULL,NULL,'张三',218),('973365095.2374856','a',1,'kmeu',NULL,'1',4860.52,70817,1,209,NULL,NULL,'张三',219),('614345732.299163','',1,'yhhatnqunx',NULL,'1',7974.99,64752,1,600,NULL,NULL,'张三',220),('322633343.2769775','xsvkunhiudtwmjfjbqu',1,'jw',NULL,'1',122.09,864,1,931,NULL,NULL,'张三',221),('506934147.8369734','gdxwtloenebrmbu',1,'hhdukoeqmhgmkyxp',NULL,'1',7749.20,71282,1,743,NULL,NULL,'张三',222),('107630814.12606801','vilxgowgyfrivac',1,'dksitaodbmkr',NULL,'1',7650.68,63030,1,661,NULL,NULL,'张三',223),('109464367.53874877','lndppmfdxsg',1,'fscvkwaaonwecrx',NULL,'1',176.61,29854,1,417,NULL,NULL,'张三',224),('401619303.48445415','nsponnj',1,'bejpa',NULL,'1',8511.41,59678,1,767,NULL,NULL,'张三',225),('958772112.0205609','gxbogcp',1,'itptpbwlsunhgk',NULL,'1',8415.06,76917,1,793,NULL,NULL,'张三',226),('243315714.14512122','',1,'iub',NULL,'1',5305.94,26017,1,441,NULL,NULL,'张三',227),('725664760.7341739','pdyhkidnpasnytv',1,'thbfktocjxlkyen',NULL,'1',2100.29,91556,1,383,NULL,NULL,'张三',228),('591408497.2952828','bhxbw',1,'bx',NULL,'1',3529.01,51231,1,321,NULL,NULL,'张三',229),('209317578.52452672','kfnleqmmnuqerurstat',1,'tyjciciqexsqmjfpi',NULL,'1',6968.00,36756,1,952,NULL,NULL,'张三',230),('183148604.2632382','amgwervygklxsmwhpka',1,'aj',NULL,'1',1204.25,67798,1,533,NULL,NULL,'张三',231),('76895442.2848439','axxnpxwmpgdecvdi',1,'mlfkdmdhhhtpsebslbj',NULL,'1',6926.26,99627,1,377,NULL,NULL,'张三',232),('212933959.1882873','uopbqpbvmadof',1,'iaddafnkaomtxis',NULL,'1',1029.95,98819,1,610,NULL,NULL,'张三',233),('504906081.7211869','owmdsmhiabpa',1,'uyhwjtnha',NULL,'1',4458.54,87558,1,360,NULL,NULL,'张三',234),('399992632.89448375','dplbkfewgqiclrscxnw',1,'pxbuduwnvqdsw',NULL,'1',6693.03,13876,1,912,NULL,NULL,'张三',235),('261866268.10082504','rt',1,'lbtjlaiuvvqyduii',NULL,'1',4205.13,28635,1,497,NULL,NULL,'张三',236),('314002239.1694538','pvwvlhxpmw',1,'hyqch',NULL,'1',2873.42,2235,1,571,NULL,NULL,'张三',237),('950409429.0079886','ueryuoe',1,'vas',NULL,'1',2846.20,54278,1,940,NULL,NULL,'张三',238),('75518689.76637866','boofqtwueluvdyve',1,'embyjhfoykgplmhr',NULL,'1',8604.73,16029,1,469,NULL,NULL,'张三',239),('941801569.1475254','c',1,'xgfaxdq',NULL,'1',3852.90,14252,1,190,NULL,NULL,'张三',240),('436808892.48965085','feajsetyl',1,'ibjhfjwbj',NULL,'1',8084.57,17464,1,871,NULL,NULL,'张三',241),('343407499.5784466','suqqahsiaapmtwwxidp',1,'ccpulkmgualveob',NULL,'1',7552.99,70080,1,29,NULL,NULL,'张三',242),('111096947.97115599','oqmvmqdlmlpvfg',1,'weqaoqfrv',NULL,'1',6395.82,24299,1,762,NULL,NULL,'张三',243),('262031902.55850205','thnvymk',1,'uwlucswchhlls',NULL,'1',8447.12,14784,1,894,NULL,NULL,'张三',244),('277975793.63125837','hkvrobkh',1,'ofhbt',NULL,'1',9723.74,41820,1,929,NULL,NULL,'张三',245),('800944410.4728975','ren',1,'puhewwgybrjki',NULL,'1',2391.69,84037,1,589,NULL,NULL,'张三',246),('814062621.6902059','gfkdpffdchjlf',1,'tqtmilmwptbedxwumer',NULL,'1',8003.67,91759,1,40,NULL,NULL,'张三',247),('59105421.5229081','tayqxf',1,'meyekrnuemjuhrofb',NULL,'1',4620.44,16749,1,955,NULL,NULL,'张三',248),('735769675.5148594','pnguppanmjcjva',1,'ykvqjdtehyocbrddwm',NULL,'1',136.95,57183,1,113,NULL,NULL,'张三',249),('806585238.6814766','t',1,'jochinxc',NULL,'1',5502.10,29136,1,261,NULL,NULL,'张三',250),('990831650.8739077','nbuowauhnxsmrrfdvrx',1,'tjflpjlqgn',NULL,'1',8252.19,4788,1,682,NULL,NULL,'张三',251),('174982632.66702795','obxmfdhofyxvb',1,'kahico',NULL,'1',8224.53,24137,1,865,NULL,NULL,'张三',252),('383106812.8647376','ywbvlfwssjo',1,'xpljkwa',NULL,'1',3403.70,83654,1,740,NULL,NULL,'张三',253),('325997162.51771295','vibskxesnvwgetxpebk',1,'',NULL,'1',1461.33,33005,1,954,NULL,NULL,'张三',254),('487912235.9743496','nboyldpfwqlmvor',1,'s',NULL,'1',3686.08,32847,1,122,NULL,NULL,'张三',255),('611010925.6548291','dvskfau',1,'kstn',NULL,'1',9627.25,94897,1,672,NULL,NULL,'张三',256),('730143663.1390569','becrpknfujdymecsly',1,'rbrru',NULL,'1',253.54,23834,1,9,NULL,NULL,'张三',257),('691036491.4749029','iexegxcmar',1,'cisylirgjimhua',NULL,'1',4080.51,16821,1,132,NULL,NULL,'张三',258),('812678874.0621027','yfajyl',1,'iyohx',NULL,'1',3074.52,71160,1,636,NULL,NULL,'张三',259),('696758366.0792885','fuyjre',1,'coukqrb',NULL,'1',5007.39,15256,1,764,NULL,NULL,'张三',260),('746698905.3829365','',1,'prtvc',NULL,'1',7490.13,33837,1,249,NULL,NULL,'张三',261),('35331306.57472161','egeerptkmaopurc',1,'iigsmipxna',NULL,'1',6557.87,43945,1,435,NULL,NULL,'张三',262),('337845719.4266393','gxqps',1,'yhrdjtaimygt',NULL,'1',3499.23,7187,1,836,NULL,NULL,'张三',263),('422418751.61963916','vwlcwtvdlujbvyea',1,'ojjoljhbaxkleav',NULL,'1',6826.09,32656,1,137,NULL,NULL,'张三',264),('2447812.532824556','lmpihc',1,'qnkfhumkye',NULL,'1',1041.91,41285,1,908,NULL,NULL,'张三',265),('178607110.9231443','qodubcpqvqifln',1,'rivlpqtes',NULL,'1',629.17,49062,1,805,NULL,NULL,'张三',266),('746896139.1968569','sopuctwt',1,'',NULL,'1',7928.18,77478,1,564,NULL,NULL,'张三',267),('588383124.3995132','',1,'gycjslsrrmvqpmfd',NULL,'1',1781.03,1380,1,617,NULL,NULL,'张三',268),('451774332.2166283','usdgas',1,'ao',NULL,'1',9150.76,42678,1,545,NULL,NULL,'张三',269),('2510305.727051576','gqiuhf',1,'unhmdehjnpo',NULL,'1',4139.79,1001,1,819,NULL,NULL,'张三',270),('812295972.8792001','bjvjob',1,'hengkhaafjubm',NULL,'1',1474.80,95201,1,967,NULL,NULL,'张三',271),('461705349.1834081','vpvx',1,'mwciagcpukurgucea',NULL,'1',7488.50,31382,1,495,NULL,NULL,'张三',272),('340362987.7172434','cnibwyjmwlyot',1,'spyjqfwrf',NULL,'1',9915.38,52924,1,684,NULL,NULL,'张三',273),('537442563.0818195','cxmajiefw',1,'oyexyvnrywkk',NULL,'1',7058.03,27850,1,550,NULL,NULL,'张三',274),('314138265.4206103','jobcbikbk',1,'ipeytglenjsoghb',NULL,'1',154.17,20584,1,880,NULL,NULL,'张三',275),('196572288.9938598','g',1,'prjroeuxigjpu',NULL,'1',9891.12,70370,1,485,NULL,NULL,'张三',276),('942056409.8817286','uoqjimpshbshgpgsas',1,'',NULL,'1',5423.53,48219,1,768,NULL,NULL,'张三',277),('187927101.12517917','',1,'odwetsbfmtjbxwa',NULL,'1',9357.93,61637,1,844,NULL,NULL,'张三',278),('903937439.3863477','xscofaq',1,'frgaajl',NULL,'1',7871.22,16506,1,325,NULL,NULL,'张三',279),('374522268.6982613','rsproruykh',1,'hifathigql',NULL,'1',1952.70,91876,1,923,NULL,NULL,'张三',280),('847200962.631207','sldmvl',1,'fkxfgh',NULL,'1',3037.40,40093,1,648,NULL,NULL,'张三',281),('763285047.5319778','emaynxmndduboob',1,'qtmnbfl',NULL,'1',420.18,41573,1,588,NULL,NULL,'张三',282),('996611017.9997833','gqlqgccpnccpcesu',1,'g',NULL,'1',4612.64,79617,1,859,NULL,NULL,'张三',283),('650037735.9106648','fasvgny',1,'yghgxbnxmxoh',NULL,'1',579.23,7857,1,662,NULL,NULL,'张三',284),('317647626.87558633','frjhfcbbxvtrue',1,'gvecicjjmpcqjkum',NULL,'1',3038.98,43114,1,961,NULL,NULL,'张三',285),('250908366.44335824','oyqdlcnramtk',1,'qam',NULL,'1',8633.10,49687,1,203,NULL,NULL,'张三',286),('333258060.79688203','betx',1,'ophhishugbuxe',NULL,'1',1362.53,63643,1,717,NULL,NULL,'张三',287),('648271438.0462402','j',1,'wdhgiwkpngkm',NULL,'1',2894.13,73263,1,185,NULL,NULL,'张三',288),('798770250.5331064','vohtydaxylkraebcub',1,'pqwhw',NULL,'1',797.32,51584,1,501,NULL,NULL,'张三',289),('571173806.1719627','hd',1,'o',NULL,'1',1721.43,40731,1,291,NULL,NULL,'张三',290),('698162626.0839578','wniuddqnv',1,'chrqlnxs',NULL,'1',5123.80,15924,1,195,NULL,NULL,'张三',291),('954047605.6650114','grsl',1,'qhmcpnh',NULL,'1',4998.03,2111,1,66,NULL,NULL,'张三',292),('35309841.80549357','vbtwiktrqv',1,'pwsdddhwvvrqdshi',NULL,'1',887.27,21530,1,198,NULL,NULL,'张三',293),('886049553.367235','oytxejbbkfiqi',1,'kigarnugecknc',NULL,'1',2988.66,69287,1,141,NULL,NULL,'张三',294),('395522105.88667744','niqn',1,'rthcpcamhpdghaerrd',NULL,'1',600.44,30754,1,494,NULL,NULL,'张三',295),('254913262.4572722','xwk',1,'cmjhdfm',NULL,'1',6157.58,69725,1,11,NULL,NULL,'张三',296),('375547159.50519633','hojjxeetvbj',1,'',NULL,'1',169.13,63349,1,602,NULL,NULL,'张三',297),('397704363.08714175','dshrheyquaofcvnf',1,'',NULL,'1',6129.47,11281,1,528,NULL,NULL,'张三',298),('494719644.7870249','',1,'djrhhmxmwfrwxk',NULL,'1',3582.75,83731,1,318,NULL,NULL,'张三',299),('455896593.10020083','nrqreoygeieuxjjvff',1,'p',NULL,'1',8995.14,34142,1,417,NULL,NULL,'张三',300),('767252815.7687607','sykbmpewiurj',1,'pqscmwhcrfby',NULL,'1',6731.51,87698,1,864,NULL,NULL,'张三',301),('968937381.6663632','xkrkvn',1,'ujfvoalbqpelgtac',NULL,'1',1552.21,24461,1,64,NULL,NULL,'张三',302),('537530570.6370705','rwumtlptmyw',1,'s',NULL,'1',4876.07,50106,1,840,NULL,NULL,'张三',303),('869763255.4625477','eleesn',1,'omemassfmxd',NULL,'1',1690.05,71100,1,529,NULL,NULL,'张三',304),('649058268.9379891','jvcymbouuncv',1,'fjnowvhx',NULL,'1',1804.64,12548,1,42,NULL,NULL,'张三',305),('324003082.6929593','mmgghukvjxmccsgg',1,'xboojunwiuuwdnwvt',NULL,'1',246.56,92888,1,199,NULL,NULL,'张三',306),('366473297.7943207','',1,'uyfiivmuhgo',NULL,'1',2724.86,26991,1,282,NULL,NULL,'张三',307),('403943123.1011653','ipdjuuo',1,'vmqiparvdwtj',NULL,'1',1454.79,81555,1,45,NULL,NULL,'张三',308),('422337111.81157297','thbplkkveeclmikjxqs',1,'ygy',NULL,'1',2268.76,32749,1,213,NULL,NULL,'张三',309),('46415700.973725274','fvkjxpamxlmntnm',1,'',NULL,'1',7140.41,54101,1,808,NULL,NULL,'张三',310),('980584916.1966854','kjbrvltklhfsnkoa',1,'ivestmxw',NULL,'1',6108.12,74348,1,272,NULL,NULL,'张三',311),('13933866.644213365','',1,'gffkyvabffe',NULL,'1',9613.35,98377,1,230,NULL,NULL,'张三',312),('451380659.70776266','jtemkbwma',1,'qyrogesvdnnljdwnsi',NULL,'1',2212.78,75091,1,283,NULL,NULL,'张三',313),('79573317.8627721','vv',1,'efkdubqftjhd',NULL,'1',4609.96,14346,1,223,NULL,NULL,'张三',314),('853222485.1285478','kpweekuedsqbblk',1,'',NULL,'1',1018.16,62771,1,289,NULL,NULL,'张三',315),('572869751.8578304','u',1,'wyacdhspqsrmhsauys',NULL,'1',7486.16,89671,1,435,NULL,NULL,'张三',316),('583598128.1760342','up',1,'t',NULL,'1',3140.41,11490,1,590,NULL,NULL,'张三',317),('956550982.9451958','vbogcfefd',1,'uwqaphxxgoddwqcarke',NULL,'1',8340.94,17143,1,486,NULL,NULL,'张三',318),('956061016.4755534','arjyisaqijbrmxy',1,'gdjgcccshyuskpwrgy',NULL,'1',6883.70,67391,1,19,NULL,NULL,'张三',319),('718077430.5095168','alm',1,'lrtggv',NULL,'1',8975.59,30070,1,179,NULL,NULL,'张三',320),('6665936.4623339325','',1,'evjpuqmurimmm',NULL,'1',3876.47,80809,1,372,NULL,NULL,'张三',321),('537169438.3783739','um',1,'em',NULL,'1',2084.00,43432,1,537,NULL,NULL,'张三',322),('824279853.0488262','cjllywiqpausp',1,'mxvvloaydhxuer',NULL,'1',659.49,76597,1,158,NULL,NULL,'张三',323),('177822868.880817','oq',1,'mhsjxidtvto',NULL,'1',247.71,88433,1,853,NULL,NULL,'张三',324),('865996858.5783603','aeswkgcj',1,'ecbmh',NULL,'1',2993.50,75754,1,946,NULL,NULL,'张三',325),('613453825.4064761','unvfronjhf',1,'crkyivqmmghv',NULL,'1',5005.79,87669,1,82,NULL,NULL,'张三',326),('369998909.5458104','sqwqido',1,'ttjqp',NULL,'1',1778.75,91802,1,231,NULL,NULL,'张三',327),('555086745.6881169','fcutaeggktepgd',1,'yejipdmkmgbxwaltgp',NULL,'1',9220.56,60528,1,448,NULL,NULL,'张三',328),('453594501.3880559','peomcdrblf',1,'flx',NULL,'1',8658.72,85383,1,969,NULL,NULL,'张三',329),('358854944.359442','nromyvjwadr',1,'qjas',NULL,'1',5308.03,73463,1,872,NULL,NULL,'张三',330),('804347088.363928','qgaxlabbvklh',1,'fuiunqtiblxv',NULL,'1',2150.68,80125,1,327,NULL,NULL,'张三',331),('550088136.3250395','rivjpnclfgf',1,'gsvmjcntfbcve',NULL,'1',7696.34,58605,1,642,NULL,NULL,'张三',332),('948304123.8758867','txfreaajmsbsgrm',1,'',NULL,'1',3194.45,45956,1,508,NULL,NULL,'张三',333),('242112779.31450036','ecgbjeyrjpkueke',1,'ofbksiurcwxuklpwhk',NULL,'1',6569.79,44731,1,178,NULL,NULL,'张三',334),('963115113.0391203','cwcbiqrpxh',1,'bemn',NULL,'1',1684.36,5610,1,212,NULL,NULL,'张三',335),('139409380.14405158','',1,'dgppwdcpfrseqmldvu',NULL,'1',6913.95,56162,1,999,NULL,NULL,'张三',336),('637666214.7307363','cdxpnahaxapbgvrln',1,'bwnxmgw',NULL,'1',2349.42,43200,1,705,NULL,NULL,'张三',337),('703400828.3499467','qyxbrolssxvsjview',1,'efgrcrtpqnnog',NULL,'1',8864.15,93817,1,360,NULL,NULL,'张三',338),('546765662.7706872','xilrospas',1,'ybor',NULL,'1',1431.67,6544,1,176,NULL,NULL,'张三',339),('296957718.47185147','ygogghes',1,'ilmepfdmjndsbg',NULL,'1',3050.63,75790,1,51,NULL,NULL,'张三',340),('283024307.95010626','edbhpcbibjbkmkwbaxu',1,'waetsihhnrjvjckrb',NULL,'1',2296.86,27516,1,766,NULL,NULL,'张三',341),('598396366.050774','prhhqvhhjogl',1,'xvdjweundj',NULL,'1',5108.56,66640,1,497,NULL,NULL,'张三',342),('282643492.5958817','xclbrlmvdob',1,'wqfyromqh',NULL,'1',3365.63,6396,1,112,NULL,NULL,'张三',343),('440632010.4354009','ro',1,'fjposexsyga',NULL,'1',2765.78,625,1,477,NULL,NULL,'张三',344),('802233864.1905329','omoscfsnmdiadhcuvrd',1,'oglb',NULL,'1',704.50,50240,1,624,NULL,NULL,'张三',345),('155180621.68575087','fqnnyiama',1,'fpaqjlxw',NULL,'1',4328.83,16686,1,238,NULL,NULL,'张三',346),('795549360.8619918','',1,'jgtvcppmcvrjgudrabr',NULL,'1',8046.83,44091,1,760,NULL,NULL,'张三',347),('918445804.980517','hpemuhjyvrxuwojgjkj',1,'nasinphss',NULL,'1',257.02,85772,1,686,NULL,NULL,'张三',348),('738264917.4803076','wnlyeve',1,'b',NULL,'1',1864.87,3765,1,114,NULL,NULL,'张三',349),('959380080.1613908','ptubmbihpdlnxrcsb',1,'eoxbq',NULL,'1',7549.94,64497,1,163,NULL,NULL,'张三',350),('32410884.76281906','rpnovnpdrnbabhmnsdo',1,'bcurriirfuxjn',NULL,'1',8979.67,85583,1,776,NULL,NULL,'张三',351),('508990957.7683603','mom',1,'wvpceuvvuvtnssfsdo',NULL,'1',6487.78,44952,1,649,NULL,NULL,'张三',352),('57185317.69320523','hmbnw',1,'jenjic',NULL,'1',9828.91,51173,1,700,NULL,NULL,'张三',353),('284718147.26040953','',1,'ccapeeu',NULL,'1',8872.63,57327,1,200,NULL,NULL,'张三',354),('427604735.45896316','trshyhevnnxxqphkpg',1,'dwnfj',NULL,'1',5321.18,33077,1,259,NULL,NULL,'张三',355),('103508294.49514654','vqftfnjudk',1,'kqlbvxfdwpby',NULL,'1',8248.21,89710,1,925,NULL,NULL,'张三',356),('675458169.7983862','sspaqwtvuotvsyc',1,'pptjyodkjmlcaferm',NULL,'1',7753.69,61995,1,818,NULL,NULL,'张三',357),('919154163.1048015','pgnnqfofkouliyw',1,'afjoydihvkdql',NULL,'1',3952.84,14729,1,835,NULL,NULL,'张三',358),('617554066.8910447','twtutwserbydljytiet',1,'lxqedvksyef',NULL,'1',2779.25,80796,1,685,NULL,NULL,'张三',359),('460465385.34095716','nyrtxxbtvvnuk',1,'lcmcf',NULL,'1',9524.92,3677,1,459,NULL,NULL,'张三',360),('754181057.3292558','dbquanhpricbn',1,'ntgmaf',NULL,'1',6255.10,29767,1,706,NULL,NULL,'张三',361),('501044526.07210857','qsqrppbscnlphhiro',1,'dsuychmlksqgogwfe',NULL,'1',571.79,90077,1,169,NULL,NULL,'张三',362),('416545950.5716004','cyesvgkug',1,'oltywfpfgbexic',NULL,'1',6023.17,76804,1,710,NULL,NULL,'张三',363),('178423432.79051685','uymcj',1,'mhwj',NULL,'1',282.69,42684,1,908,NULL,NULL,'张三',364),('216840921.04881614','dcybihkpkqlygjne',1,'uharnlkanvmlrqfpmkd',NULL,'1',8448.85,34284,1,147,NULL,NULL,'张三',365),('275268682.35175616','ht',1,'twoyxhirenqvyq',NULL,'1',1267.73,75400,1,133,NULL,NULL,'张三',366),('950283835.8469381','vixlbf',1,'xl',NULL,'1',4728.67,39189,1,186,NULL,NULL,'张三',367),('819109133.458608','xbsdfl',1,'lufqsdp',NULL,'1',8200.24,62949,1,907,NULL,NULL,'张三',368),('147353095.62321353','cumv',1,'cnk',NULL,'1',4568.41,26785,1,911,NULL,NULL,'张三',369),('106020318.10771872','ogcyoih',1,'bmombpga',NULL,'1',6096.04,27391,1,542,NULL,NULL,'张三',370),('309509850.1686897','xkivurrf',1,'edjc',NULL,'1',9490.31,41782,1,839,NULL,NULL,'张三',371),('429989011.2725949','suwop',1,'l',NULL,'1',7154.49,94126,1,943,NULL,NULL,'张三',372),('706599012.1844832','txcfcwsbalq',1,'ioxutoiajgrlnmirdrm',NULL,'1',4565.73,59735,1,835,NULL,NULL,'张三',373),('540972036.6746217','jqhpxjkseny',1,'e',NULL,'1',4492.69,96050,1,11,NULL,NULL,'张三',374),('833102914.7477978','tfhqhosdaacsk',1,'u',NULL,'1',3258.49,29636,1,446,NULL,NULL,'张三',375),('564277634.5650104','gxfxo',1,'xjgfpl',NULL,'1',2311.84,91648,1,251,NULL,NULL,'张三',376),('968371487.6368531','slhajcfhkbgmhmybly',1,'cx',NULL,'1',2931.11,54487,1,380,NULL,NULL,'张三',377),('710779486.5079349','daukcl',1,'',NULL,'1',8936.52,94184,1,165,NULL,NULL,'张三',378),('158378078.13970563','hhrayfqxryhahxvg',1,'qqesp',NULL,'1',8694.49,47609,1,68,NULL,NULL,'张三',379),('276193031.7758937','kb',1,'nw',NULL,'1',5562.27,23635,1,418,NULL,NULL,'张三',380),('619582695.199659','pcloknf',1,'hcwubkj',NULL,'1',6110.87,99779,1,220,NULL,NULL,'张三',381),('868399101.5955334','ldikvtm',1,'jhnideaub',NULL,'1',9639.27,55841,1,985,NULL,NULL,'张三',382),('485883576.19448465','ajvwcatjnntsicqxgn',1,'tkdolkjyivujv',NULL,'1',1885.50,66667,1,829,NULL,NULL,'张三',383),('480406145.4408867','',1,'hakgpxobigxfkldw',NULL,'1',6721.28,71531,1,227,NULL,NULL,'张三',384),('794784820.0482124','jdrbpmqjvycfdpjeesp',1,'owcgvxpsseqrceexpba',NULL,'1',9356.49,1884,1,877,NULL,NULL,'张三',385),('424450849.50264144','tutqofabqokaexblget',1,'easphr',NULL,'1',8837.92,94722,1,609,NULL,NULL,'张三',386),('96811856.66150671','lngspmljrtqrpaojw',1,'csnkchha',NULL,'1',8223.42,71938,1,996,NULL,NULL,'张三',387),('507013480.7263812','hwaiunodddrfah',1,'yyfkmt',NULL,'1',5426.76,50705,1,584,NULL,NULL,'张三',388),('421498688.139592','rjvxfnenj',1,'pvmjxt',NULL,'1',6606.82,63167,1,716,NULL,NULL,'张三',389),('417865515.81018937','n',1,'nmbsicuxamqq',NULL,'1',5421.93,89774,1,385,NULL,NULL,'张三',390),('33211395.739204064','mhbnocxdfayuyhr',1,'cpqpdlebvdavuc',NULL,'1',6924.69,34044,1,635,NULL,NULL,'张三',391),('656995284.2286538','asm',1,'dpdryad',NULL,'1',5972.33,87420,1,286,NULL,NULL,'张三',392),('340540972.66659','hwtqqlftd',1,'fvnoqmus',NULL,'1',4084.66,49889,1,614,NULL,NULL,'张三',393),('475314059.23776084','urdswlpv',1,'caqfiawwwctuxjstkw',NULL,'1',5598.95,94348,1,497,NULL,NULL,'张三',394),('4506375.012421016','xyt',1,'r',NULL,'1',6654.74,20891,1,936,NULL,NULL,'张三',395),('68003962.14988014','ekubyqqrjquawfxldkq',1,'crkhrplnd',NULL,'1',2445.60,21874,1,787,NULL,NULL,'张三',396),('134486050.27921566','ypfnsbffch',1,'ngkfsxrxpikgrtfcc',NULL,'1',5681.80,22315,1,476,NULL,NULL,'张三',397),('458423927.6759765','',1,'oqtowkbskxyk',NULL,'1',3085.50,87731,1,30,NULL,NULL,'张三',398),('18401538.15071055','lrvw',1,'jlmpwnuqu',NULL,'1',6019.73,20873,1,383,NULL,NULL,'张三',399),('236460727.93373364','',1,'jwhthpixr',NULL,'1',4479.23,43443,1,41,NULL,NULL,'张三',400),('47594049.237644546','irdu',1,'',NULL,'1',5911.62,40502,1,362,NULL,NULL,'张三',401),('174545466.50892067','nteljpcaf',1,'gbna',NULL,'1',2905.12,63289,1,942,NULL,NULL,'张三',402),('662352229.3051386','udoctrnnbufjrqdcjax',4,'qyvqnw',NULL,'1',6718.39,98717,1,226,NULL,NULL,'张三',403),('162126300.1245431','dmyxigjmogkriw',1,'yxxatwycocjqfqcct',NULL,'1',7212.22,94545,1,822,NULL,NULL,'张三',404),('911202721.7951945','ddjlsioxomba',5,'gocvulyvjm',NULL,'1',6900.62,48105,1,411,NULL,NULL,'张三',405),('806105815.2399625','oewhvfy',4,'aivfxhkcq',NULL,'1',3064.30,70209,1,155,NULL,NULL,'张三',406),('112279232.96764608','ospoulldem',3,'r',NULL,'1',3877.04,81891,1,682,NULL,NULL,'张三',407),('963043807.8574706','mrvttltxyprlq',4,'',NULL,'1',8509.19,2371,1,193,NULL,NULL,'张三',408),('698438926.7336953','hgnsrwpivxtmxs',6,'',NULL,'1',6487.36,68582,1,293,NULL,NULL,'张三',409),('855427178.0115763','jbmkhqe',2,'s',NULL,'1',21.21,44830,1,655,NULL,NULL,'张三',410),('201829357.38450992','dhisowdwuei',2,'conqiwnilho',NULL,'1',841.50,86125,1,33,NULL,NULL,'张三',411),('93661301.28032368','cn',1,'iuipeygt',NULL,'1',4443.08,97887,1,56,NULL,NULL,'张三',412),('934499621.5595323','felpflgjjwomjufs',4,'fxqq',NULL,'1',3976.21,10924,1,64,NULL,NULL,'张三',413),('370407534.6087487','odtwylhkodsubr',4,'fout',NULL,'1',8922.03,36903,1,5,NULL,NULL,'张三',414),('316344167.91719186','tgcouxmfcfoctswxf',5,'gldh',NULL,'1',3616.87,29552,1,53,NULL,NULL,'张三',415),('422537216.4867648','hnspwoxniwqgxhjp',2,'aj',NULL,'1',5012.17,69911,1,116,NULL,NULL,'张三',416),('573739646.3532706','saebykdtnbuiolvksvh',3,'b',NULL,'1',6596.23,33844,1,328,NULL,NULL,'张三',417),('657816319.8662084','yivsyedegptukfmxagx',4,'mhfwyutrgikl',NULL,'1',5032.35,49460,1,589,NULL,NULL,'张三',418),('431149457.02752084','xhlsfsnnswthkueamm',5,'pn',NULL,'1',4549.48,47926,1,116,NULL,NULL,'张三',419),('578682954.041307','eupce',3,'pikiv',NULL,'1',3142.81,38320,1,606,NULL,NULL,'张三',420),('152883602.9329721','mckxo',5,'kgeaujlxqv',NULL,'1',932.50,93157,1,311,NULL,NULL,'张三',421),('621278743.4667878','gujj',4,'k',NULL,'1',117.65,14975,1,857,NULL,NULL,'张三',422),('821120199.0728072','uqlkugqekytorcbv',3,'hnimhgvtvasmmgrsjfo',NULL,'1',9107.85,27692,1,53,NULL,NULL,'张三',423),('11311561.743286403','htrkkdlnmal',2,'ukuqhemnkgxywgr',NULL,'1',8866.70,48002,1,278,NULL,NULL,'张三',424),('907854281.261086','deyvlwwp',5,'ogsvgfdkfiurklyg',NULL,'1',3273.52,18991,1,432,NULL,NULL,'张三',425),('482060527.9195411','ieubmsyfchvsgimfdlc',6,'jfotxcjfaybajcxv',NULL,'1',3230.36,40172,1,220,NULL,NULL,'张三',426),('1893927.284497665','x',3,'cdcmtiighnrfjybh',NULL,'1',6094.83,76883,1,227,NULL,NULL,'张三',427),('232200877.7772392','xugadsfawt',4,'udsaoahdwfp',NULL,'1',170.04,66296,1,619,NULL,NULL,'张三',428),('367259569.851284','pjuvou',4,'jdlxlduvkkebchybj',NULL,'1',2916.23,12578,1,86,NULL,NULL,'张三',429),('866075905.783083','dllqplb',5,'nchnxoqkrtfbpgglxhq',NULL,'1',1348.88,3558,1,853,NULL,NULL,'张三',430),('856864677.0428327','wiqwlfbbgsumoncn',2,'ssbutectjgb',NULL,'1',8910.64,5071,1,323,NULL,NULL,'张三',431),('566140675.0260208','ild',4,'cmokepxmfdtkwpvlk',NULL,'1',4289.10,80189,1,954,NULL,NULL,'张三',432),('496299389.14007956','utnuyemiouty',2,'jqi',NULL,'1',4158.83,74725,1,439,NULL,NULL,'张三',433),('721749138.1895212','vwxydqt',2,'yfqttemfbwspgikfji',NULL,'1',2261.32,76029,1,31,NULL,NULL,'张三',434),('838659838.3367536','s',5,'hdwojdtmwduojclcls',NULL,'1',1785.76,47410,1,897,NULL,NULL,'张三',435),('271067067.8770698','fqagyclxssvwgk',6,'thnouwrngti',NULL,'1',1166.58,75956,1,561,NULL,NULL,'张三',436),('415048621.18185836','xaq',5,'ffqbwrixlhwgiw',NULL,'1',5416.92,68416,1,148,NULL,NULL,'张三',437),('210117320.27265596','voianpdqwgfjlu',4,'sobnrf',NULL,'1',7682.56,60373,1,730,NULL,NULL,'张三',438),('349622602.9644255','ie',3,'f',NULL,'1',6513.56,9647,1,651,NULL,NULL,'张三',439),('956869671.8931773','xmktkayyna',4,'aqv',NULL,'1',6534.74,73501,1,873,NULL,NULL,'张三',440),('446517816.6548621','',6,'oulpfy',NULL,'1',6915.70,36444,1,797,NULL,NULL,'张三',441),('416570583.1710198','oaxqwjvyhnti',5,'ndnqe',NULL,'1',3001.57,24117,1,325,NULL,NULL,'张三',442),('902893029.573589','fhghaaarwsnveq',4,'wgubvpn',NULL,'1',2136.85,31056,1,514,NULL,NULL,'张三',443),('830489636.6944472','nxcndbbukgupr',6,'lcawgdgbvemp',NULL,'1',5655.92,80295,1,362,NULL,NULL,'张三',444),('762588510.1636633','favgtixsmyusnkbvwbo',1,'owqyjhkiy',NULL,'1',1741.52,41566,1,516,NULL,NULL,'张三',445),('472882721.8853754','bihbdsywr',2,'avwhtjnuhldl',NULL,'1',1276.21,31892,1,357,NULL,NULL,'张三',446),('444001231.0741367','oyoowk',5,'mmlxyvqdce',NULL,'1',2278.27,60353,1,56,NULL,NULL,'张三',447),('424810195.0461531','m',6,'woripiwhwjie',NULL,'1',128.02,25660,1,736,NULL,NULL,'张三',448),('189865459.2836584','vqmlthgroegdgrgexu',3,'lgxl',NULL,'1',8678.03,71350,1,689,NULL,NULL,'张三',449),('448694096.38038146','mhgkiadhugqa',2,'bgytkbtqmnddqbpkciv',NULL,'1',3126.51,68366,1,539,NULL,NULL,'张三',450),('272455964.91164523','xgjmmlytgfglfxcmco',2,'rsyucjwvtcskmgwn',NULL,'1',2353.89,15927,1,495,NULL,NULL,'张三',451),('129973342.67745985','qioldbuejcgttwkvh',1,'aypg',NULL,'1',9351.84,35027,1,635,NULL,NULL,'张三',452),('812683207.2500389','',1,'qxcumh',NULL,'1',9207.98,52761,1,921,NULL,NULL,'张三',453),('173365823.45494944','cqgykkyptt',5,'',NULL,'1',1022.58,80763,1,354,NULL,NULL,'张三',454),('343632899.4198688','oqd',3,'mjjbi',NULL,'1',1770.27,56139,1,525,NULL,NULL,'张三',455),('38139887.518154226','rktocixomvtco',2,'fggyycknrsgvtbgwa',NULL,'1',5259.34,5871,1,132,NULL,NULL,'张三',456),('866950052.0253882','fodahhpfqbir',2,'nlvaothhdeu',NULL,'1',5328.62,52449,1,386,NULL,NULL,'张三',457),('982132123.6464671','kv',3,'pcphvpl',NULL,'1',6121.92,61134,1,862,NULL,NULL,'张三',458),('353336773.99592376','d',6,'gh',NULL,'1',4379.24,17930,1,490,NULL,NULL,'张三',459),('336342224.7884438','cdkwc',4,'tfycopgutjpb',NULL,'1',3716.10,52192,1,949,NULL,NULL,'张三',460),('56207459.483159974','',2,'e',NULL,'1',9409.23,97807,1,542,NULL,NULL,'张三',461),('244735927.65851003','tkcdnptyugswdkovwk',4,'',NULL,'1',8281.29,32739,1,573,NULL,NULL,'张三',462),('910731833.7627518','msvudscabsggl',6,'lybwptp',NULL,'1',3950.96,92647,1,984,NULL,NULL,'张三',463),('736962487.9195415','dyncsmsadrx',4,'mynaqhdsxex',NULL,'1',8638.36,92729,1,476,NULL,NULL,'张三',464),('840228303.2058765','',1,'fuchbrxnwjqfbgpcr',NULL,'1',2211.53,41071,1,727,NULL,NULL,'张三',465),('430240109.603065','r',3,'jxpo',NULL,'1',5151.84,2306,1,587,NULL,NULL,'张三',466),('289905673.22849137','du',3,'iqeadqpjkterm',NULL,'1',224.61,96745,1,805,NULL,NULL,'张三',467),('221501272.37037042','itqureqtmvjeve',6,'jrxmxxgtminvpaclg',NULL,'1',5304.45,69488,1,377,NULL,NULL,'张三',468),('446672958.51002455','kfwydmnhfwjjdaiqawi',1,'ndjtfdixwllabcj',NULL,'1',399.16,4051,1,512,NULL,NULL,'张三',469),('388464892.17411906','egysc',1,'eiprj',NULL,'1',4361.47,90389,1,482,NULL,NULL,'张三',470),('716151582.4136037','fqm',5,'xmpwpfygdxapknn',NULL,'1',5207.58,61941,1,291,NULL,NULL,'张三',471),('690684988.0207486','mjjhapry',5,'bxyynakpskx',NULL,'1',7592.39,97752,1,779,NULL,NULL,'张三',472),('337767359.5069257','fvfpnwtklcynw',1,'lw',NULL,'1',379.57,84565,1,854,NULL,NULL,'张三',473),('486509705.71406424','eddbunhqnnnxej',2,'',NULL,'1',3697.07,55678,1,848,NULL,NULL,'张三',474),('890124904.6915411','uvrnequspaxvjwoyi',3,'',NULL,'1',8817.46,14395,1,498,NULL,NULL,'张三',475),('962592946.7545369','gktsxjmyailxxfifph',3,'sleelisr',NULL,'1',9939.77,66382,1,787,NULL,NULL,'张三',476),('626662017.819379','qtqplkhsgpjbkvldjh',2,'',NULL,'1',1152.16,77206,1,965,NULL,NULL,'张三',477),('228075540.9337154','neqorerkslbe',5,'olcxxngxfarunvidj',NULL,'1',7919.62,85849,1,726,NULL,NULL,'张三',478),('481349236.8344507','gigftg',2,'nflhtyisqoglvhmtpan',NULL,'1',7697.87,35649,1,345,NULL,NULL,'张三',479),('940367700.632455','adgyckeajk',4,'cqedumcnpuqnsedno',NULL,'1',8699.18,28056,1,391,NULL,NULL,'张三',480),('482077458.33462447','f',2,'wwtqoxep',NULL,'1',4978.76,60793,1,566,NULL,NULL,'张三',481),('3811613.800847602','yrrugvsefqahl',2,'jsjjptag',NULL,'1',7378.42,37398,1,645,NULL,NULL,'张三',482),('632118647.6811514','toeivjfeqy',6,'vmpv',NULL,'1',1087.85,99321,1,825,NULL,NULL,'张三',483),('682205149.4899476','wcr',3,'fomqnultnn',NULL,'1',9251.67,42978,1,600,NULL,NULL,'张三',484),('885035348.9577001','ysxjfw',2,'qlylbpg',NULL,'1',1147.81,32682,1,617,NULL,NULL,'张三',485),('672668124.7338018','tgoa',2,'vskjydkshprqmerwfwk',NULL,'1',2936.72,69894,1,417,NULL,NULL,'张三',486),('103662447.5492588','',2,'d',NULL,'1',2985.71,56940,1,618,NULL,NULL,'张三',487),('548703983.5376623','um',4,'wcdwu',NULL,'1',4742.99,66683,1,26,NULL,NULL,'张三',488),('207921301.16520825','lkho',4,'hgnfoytitlfway',NULL,'1',4871.13,26080,1,941,NULL,NULL,'张三',489),('757244506.2840714','tgqibxydunnoclqqib',3,'ilpv',NULL,'1',3878.62,36220,1,333,NULL,NULL,'张三',490),('568508973.8631871','deft',5,'afsmxyhkfwxkn',NULL,'1',522.24,3848,1,992,NULL,NULL,'张三',491),('576286475.8408481','nblmp',6,'qfmkhgrdadv',NULL,'1',9621.40,2689,1,994,NULL,NULL,'张三',492),('973819755.347254','qvjlimvq',6,'eietjvkivc',NULL,'1',432.20,30564,1,141,NULL,NULL,'张三',493),('150380648.42990872','ysaueworpgpnwuvesyn',6,'qthdytkgvssvvhu',NULL,'1',438.55,59567,1,920,NULL,NULL,'张三',494),('706305919.1855726','fweokjnc',5,'bmy',NULL,'1',4444.59,91702,1,661,NULL,NULL,'张三',495),('730285415.2812977','cwiy',2,'dgdtpx',NULL,'1',6283.18,74109,1,689,NULL,NULL,'张三',496),('823006802.8191704','fchqjpiypindbrsrcgl',3,'vimrtqird',NULL,'1',5097.49,48251,1,88,NULL,NULL,'张三',497),('375746006.1412911','',4,'hevorpcxyhacwoxndy',NULL,'1',377.11,50348,1,976,NULL,NULL,'张三',498),('194924174.10781482','pk',1,'pxbchujqqddqqpoh',NULL,'1',8910.63,67928,1,383,NULL,NULL,'张三',499),('727425445.29035','g',1,'pwxeam',NULL,'1',6071.24,4703,1,766,NULL,NULL,'张三',500),('163682594.23467535','xemylxo',2,'ccfyhwmltwywnjrlddu',NULL,'1',8007.53,58361,1,830,NULL,NULL,'张三',501),('621939690.3288734','orwkahyudcooabvhq',4,'iwtusvxd',NULL,'1',9623.42,91669,1,185,NULL,NULL,'张三',502),('404493193.0255414','wqywk',6,'pautfkk',NULL,'1',4405.30,14322,1,430,NULL,NULL,'张三',503),('684808877.9993474','bkgkqqxtjxuloacycnm',6,'lgihgqfeym',NULL,'1',6624.16,39436,1,351,NULL,NULL,'张三',504),('215469532.6129018','redii',1,'sjcoyiny',NULL,'1',6281.74,31392,1,167,NULL,NULL,'张三',505),('977622279.5513064','btftyrm',4,'afuptjutflunkdyg',NULL,'1',411.74,50617,1,222,NULL,NULL,'张三',506),('599085714.2785902','lvap',1,'vpfpscnskcq',NULL,'1',9513.95,27056,1,739,NULL,NULL,'张三',507),('951149674.3564761','nrbcyvmlsencspmpdum',1,'vmwuhmokp',NULL,'1',6137.47,77282,1,339,NULL,NULL,'张三',508),('166898624.22740853','ur',5,'jhlucf',NULL,'1',8901.53,30700,1,321,NULL,NULL,'张三',509),('534457747.07181126','gdfmekawiwmrg',2,'p',NULL,'1',6561.31,54341,1,902,NULL,NULL,'张三',510),('729090274.2281553','rdegossi',1,'burvcknga',NULL,'1',4524.40,28461,1,473,NULL,NULL,'张三',511),('105881886.9855268','jipehjaoyhcrudqysht',4,'ivvpsuthhope',NULL,'1',1476.06,34791,1,460,NULL,NULL,'张三',512),('962050794.533402','ucftokgo',3,'aetxq',NULL,'1',7578.27,63992,1,57,NULL,NULL,'张三',513),('295152231.6772691','aq',3,'ygeujo',NULL,'1',4581.30,4803,1,621,NULL,NULL,'张三',514),('456880080.97736555','kfveftwkogxauyicso',2,'aswvxhh',NULL,'1',2377.82,27246,1,938,NULL,NULL,'张三',515),('272901288.5777963','yuhqnnjpodmpmm',6,'',NULL,'1',1265.82,7892,1,618,NULL,NULL,'张三',516),('806715947.3854254','kydrfafqspp',5,'ddulq',NULL,'1',2768.25,67,1,362,NULL,NULL,'张三',517),('125633349.64220674','tjbrdjhbjryarvjwng',3,'iffesdjrohpyxorvwpm',NULL,'1',1128.42,94025,1,15,NULL,NULL,'张三',518),('899207277.1796192','cnylidkphip',1,'aucnsndsm',NULL,'1',350.17,48205,1,304,NULL,NULL,'张三',519),('588082316.7036855','nsimbrcjfshjljngrd',3,'ipad',NULL,'1',7094.83,51440,1,643,NULL,NULL,'张三',520),('840877759.2428852','yetxiwpivr',3,'n',NULL,'1',2264.02,47087,1,292,NULL,NULL,'张三',521),('323422642.4925881','na',3,'pcnitnwlfhyxsc',NULL,'1',2003.20,22801,1,534,NULL,NULL,'张三',522),('691821722.3669107','odglyyqcnxs',6,'dpnqpmofe',NULL,'1',9019.71,34963,1,354,NULL,NULL,'张三',523),('883344889.1522677','ac',1,'gnenbxwukldrmcraf',NULL,'1',5768.63,51183,1,687,NULL,NULL,'张三',524),('562026983.7005265','gexwsdqrpjexmhgfkc',1,'ujwllreknjkyuctxu',NULL,'1',9371.73,97768,1,889,NULL,NULL,'张三',525),('738510363.7716095','wost',4,'kdn',NULL,'1',5341.34,20062,1,380,NULL,NULL,'张三',526),('385134132.043631','cnqwnjfgpaykh',1,'il',NULL,'1',3562.40,89997,1,537,NULL,NULL,'张三',527),('404928572.37131286','pksolqsnqqsnycuau',6,'klrjrpb',NULL,'1',3191.19,21147,1,196,NULL,NULL,'张三',528),('502752109.14888835','sbjrunsg',3,'ervbvadsrmbonrcxra',NULL,'1',7576.70,84058,1,155,NULL,NULL,'张三',529),('778550687.5870891','nudltxysxpn',5,'atosjxlop',NULL,'1',1940.07,7456,1,54,NULL,NULL,'张三',530),('864313218.4126265','',5,'gauigl',NULL,'1',6215.67,54893,1,965,NULL,NULL,'张三',531),('669664304.0312251','jaqpfkeorwo',2,'motjaawvtxa',NULL,'1',5882.72,20843,1,552,NULL,NULL,'张三',532),('366251045.3696064','jhofqlghabn',2,'dthusmecxuoeyddcbf',NULL,'1',8804.26,49228,1,916,NULL,NULL,'张三',533),('56952593.71749506','vka',2,'vqbarprihq',NULL,'1',8754.76,54192,1,612,NULL,NULL,'张三',534),('453027054.9597094','kyf',2,'',NULL,'1',7862.78,50725,1,580,NULL,NULL,'张三',535),('380416915.61588556','bvsvxv',6,'vslcjiiu',NULL,'1',9397.17,51271,1,208,NULL,NULL,'张三',536),('304852931.343868','lfpefwgkppi',4,'gtsgycrslxwkcehm',NULL,'1',2900.92,38727,1,51,NULL,NULL,'张三',537),('900449622.0639226','mmf',3,'sybkultdfjiuxky',NULL,'1',7509.63,20802,1,584,NULL,NULL,'张三',538),('607109369.9529792','jf',3,'qvupsdkwuovdm',NULL,'1',1113.38,93453,1,658,NULL,NULL,'张三',539),('670504297.3911062','kmsqqbnmafab',6,'elpb',NULL,'1',3967.00,56336,1,419,NULL,NULL,'张三',540),('289334471.0459352','othhpedjdlowchkttr',5,'dyeptx',NULL,'1',6790.61,32782,1,986,NULL,NULL,'张三',541),('421989856.81661516','qaqnaynwwa',4,'ueilaoopceua',NULL,'1',9086.86,97226,1,384,NULL,NULL,'张三',542),('632751459.8828906','kcdtesdshfiilfxu',6,'qwimwuwnocpdf',NULL,'1',6992.36,72368,1,974,NULL,NULL,'张三',543),('826781792.1637455','dkukig',1,'khhwcgvyrdmtlpxvcc',NULL,'1',6579.56,27145,1,415,NULL,NULL,'张三',544),('560760625.123698','dfup',4,'rnbmfqajn',NULL,'1',2903.50,93373,1,539,NULL,NULL,'张三',545),('385294452.44428694','',2,'vavshss',NULL,'1',5891.63,479,1,9,NULL,NULL,'张三',546),('673390797.0476555','sysmmmwlrxatjql',1,'kvleoadjhqvhsylxt',NULL,'1',2398.16,30918,1,426,NULL,NULL,'张三',547),('52213638.64820916','',5,'j',NULL,'1',5378.95,80532,1,218,NULL,NULL,'张三',548),('981774671.4079978','rstwppwlfexd',1,'ddwtsqcgw',NULL,'1',7929.95,76094,1,195,NULL,NULL,'张三',549),('639192117.1749744','jfosevhtxi',2,'jyepkmmpg',NULL,'1',8736.45,10150,1,740,NULL,NULL,'张三',550),('300288066.667005','lyyu',6,'mbrumwcqbcwexkxrw',NULL,'1',5852.57,18584,1,678,NULL,NULL,'张三',551),('771135519.885964','tver',6,'gcenhsltmf',NULL,'1',6789.19,60226,1,138,NULL,NULL,'张三',552),('710707804.7582158','ujiaknfekhxojv',5,'fmyuaxbmcqcyxmf',NULL,'1',4719.78,63338,1,657,NULL,NULL,'张三',553),('482843397.0422','tddyceuxtpwm',6,'ucernwlm',NULL,'1',1946.15,86095,1,585,NULL,NULL,'张三',554),('413853966.98106414','mrglfcruhfvrhwyr',3,'yqtbgwic',NULL,'1',4738.26,90069,1,383,NULL,NULL,'张三',555),('454045593.1803575','jttjemgjdfek',1,'v',NULL,'1',8068.95,89265,1,349,NULL,NULL,'张三',556),('9574441.110714925','kwuv',6,'fybvbqhwelfxqgkqkd',NULL,'1',2226.91,9342,1,36,NULL,NULL,'张三',557),('937227480.8193102','irmdskeghqpokyd',2,'vsmebhorji',NULL,'1',355.84,31930,1,184,NULL,NULL,'张三',558),('816108248.4632981','',4,'gofrumfivtoxxp',NULL,'1',8206.51,13634,1,877,NULL,NULL,'张三',559),('943643758.8555852','johwfjrjympyqw',4,'wtsckavscex',NULL,'1',8135.09,85545,1,896,NULL,NULL,'张三',560),('165963465.0343277','tixeslphfeuhrwmsrv',6,'yndjyj',NULL,'1',792.38,49831,1,413,NULL,NULL,'张三',561),('543771579.7467774','qwtoft',1,'rkj',NULL,'1',4657.11,40288,1,992,NULL,NULL,'张三',562),('749223279.623084','ilnqxbjlmkmfgk',3,'ebsmwatkaqfl',NULL,'1',6236.22,14243,1,818,NULL,NULL,'张三',563),('799972243.3713529','xpu',6,'wt',NULL,'1',7431.61,38810,1,873,NULL,NULL,'张三',564),('459032597.88594365','qdhcunrisrn',2,'vgd',NULL,'1',2763.41,19317,1,566,NULL,NULL,'张三',565),('987760603.4183065','cxfuemsjrssw',4,'uvvoiwflihonqejd',NULL,'1',7143.60,81286,1,598,NULL,NULL,'张三',566),('910924665.2314543','nuoawivlrxlvdfjpdwo',6,'wyuajeujinob',NULL,'1',6937.03,19036,1,123,NULL,NULL,'张三',567),('249892756.66225475','rbgjlsowgiw',3,'ujsyqywnawvyxlk',NULL,'1',3372.73,36976,1,543,NULL,NULL,'张三',568),('831256710.6197884','dgqmxdetr',1,'uaxkhfdvxjjrmt',NULL,'1',1464.01,37601,1,574,NULL,NULL,'张三',569),('552173271.7643117','frbmfg',5,'npbowasrlmvysxt',NULL,'1',8315.27,74276,1,184,NULL,NULL,'张三',570),('954592123.0741075','jtuso',2,'nkbdf',NULL,'1',1112.74,92682,1,694,NULL,NULL,'张三',571),('924768903.3077652','gesacmhdr',4,'jfre',NULL,'1',1453.09,22311,1,624,NULL,NULL,'张三',572),('440277445.41811466','pjvelufxbgdscaqdkit',4,'cctrdujqwanx',NULL,'1',4862.77,73566,1,663,NULL,NULL,'张三',573),('146847752.48267922','wago',5,'',NULL,'1',6021.24,14691,1,257,NULL,NULL,'张三',574),('260223889.53645915','sjxopkgeqgaegwc',1,'',NULL,'1',5338.02,48326,1,878,NULL,NULL,'张三',575),('700104827.8915305','wifmrhcc',6,'mgkroopa',NULL,'1',3495.21,53831,1,34,NULL,NULL,'张三',576),('559146368.9222268','c',3,'auweikxovxdjskb',NULL,'1',3925.77,69092,1,127,NULL,NULL,'张三',577),('428388716.4756782','pojhtmakhjoirfjynjo',4,'h',NULL,'1',2854.59,12632,1,961,NULL,NULL,'张三',578),('821998400.6364073','e',3,'mwrbotrddkdl',NULL,'1',2349.67,96064,1,309,NULL,NULL,'张三',579),('612024521.6538795','dafdmdmhumnqaklc',6,'uspsyifr',NULL,'1',3693.53,51176,1,957,NULL,NULL,'张三',580),('368448934.4973866','jit',3,'ft',NULL,'1',9597.79,8731,1,357,NULL,NULL,'张三',581),('327984561.06229734','mntdeheleuuvkp',1,'asleshyktwlyrb',NULL,'1',4357.80,37878,1,498,NULL,NULL,'张三',582),('438986840.46036','evvn',1,'dllprmqew',NULL,'1',415.70,45339,1,775,NULL,NULL,'张三',583),('17858083.36662409','aagwyiencvd',6,'ijumspiuidr',NULL,'1',116.67,97297,1,151,NULL,NULL,'张三',584),('40242482.017730504','megyobpwrnaqjtevf',2,'ckhaxacqupos',NULL,'1',6622.76,51747,1,56,NULL,NULL,'张三',585),('137312023.3247148','huqrfdl',3,'ngauytvsciokirj',NULL,'1',256.13,57072,1,418,NULL,NULL,'张三',586),('17641464.39061709','idb',5,'vutoxspxddybsi',NULL,'1',1518.65,10116,1,51,NULL,NULL,'张三',587),('891735014.0371836','jukcqnqwcmsvhloov',3,'wjrrxlykq',NULL,'1',4143.61,82440,1,113,NULL,NULL,'张三',588),('151436175.53836852','ryuujealmciw',4,'nnns',NULL,'1',6994.08,2218,1,504,NULL,NULL,'张三',589),('166963005.42212206','llnnvdh',6,'qimajm',NULL,'1',3406.57,93098,1,803,NULL,NULL,'张三',590),('698003530.6366842','xlmwuhiikarklonkflb',1,'lmfacgfd',NULL,'1',1676.34,76373,1,166,NULL,NULL,'张三',591),('400966964.91741633','rafwwlctpdkaacnwy',4,'ibymbnjtrjjwqkvaj',NULL,'1',2936.78,80238,1,808,NULL,NULL,'张三',592),('883186332.5996891','mnnbdmxcvodfpippy',1,'pchco',NULL,'1',718.27,80077,1,287,NULL,NULL,'张三',593),('887336143.5413585','bafxgl',3,'eddmmwsvicxw',NULL,'1',6433.52,34014,1,683,NULL,NULL,'张三',594),('700146366.2012881','btdqlmsvy',5,'yhgqkmonmeb',NULL,'1',5522.02,80194,1,443,NULL,NULL,'张三',595),('695134994.7871222','lls',1,'',NULL,'1',494.29,58128,1,418,NULL,NULL,'张三',596),('663076363.2313062','rlewlporrdnpb',2,'a',NULL,'1',6780.58,71335,1,304,NULL,NULL,'张三',597),('388693606.46222794','ox',1,'aivchqmj',NULL,'1',4117.82,69413,1,351,NULL,NULL,'张三',598),('253188337.11734802','rpaidvhhdxhvuuvcg',3,'ct',NULL,'1',1376.92,11656,1,765,NULL,NULL,'张三',599),('157179653.4285589','yhx',3,'cf',NULL,'1',1075.53,38873,1,763,NULL,NULL,'张三',600),('888294783.4553694','ixshk',2,'umetmned',NULL,'1',2718.33,79155,1,962,NULL,NULL,'张三',601),('955091406.1646087','menvxewksnd',4,'ocpejefjbpqntwiq',NULL,'1',514.04,35668,1,600,NULL,NULL,'张三',602),('716281534.4158645','fdv',5,'akr',NULL,'1',2472.47,4721,1,905,NULL,NULL,'张三',603),('214424752.50195357','irxxmkvggfhrywwohgm',2,'doqul',NULL,'1',4858.90,47631,1,790,NULL,NULL,'张三',604),('130721326.8295272','lxskjsflvhllekafp',1,'hoex',NULL,'1',7038.52,69049,1,413,NULL,NULL,'张三',605),('536149245.80265313','taxnoyfadysgegym',3,'qhjldxaywrnyjdxyag',NULL,'1',3491.75,8286,1,316,NULL,NULL,'张三',606),('29301846.594398163','bnbum',4,'dvcfpqhho',NULL,'1',4715.43,96479,1,468,NULL,NULL,'张三',607),('187348481.2484131','gseebypxshbtpxo',4,'tkkdw',NULL,'1',9567.31,99842,1,852,NULL,NULL,'张三',608),('768775548.1680185','uibntyxcgdisstmb',2,'ldfevbdrwjqaifq',NULL,'1',4858.05,1166,1,390,NULL,NULL,'张三',609),('921133753.8289683','jdcvhwxsfinkmfxqkgi',4,'prd',NULL,'1',5929.41,89436,1,272,NULL,NULL,'张三',610),('940536554.4908417','bbkhcwgej',1,'inufd',NULL,'1',1438.10,40372,1,948,NULL,NULL,'张三',611),('565048423.5741723','qylwt',2,'apvsewxdxno',NULL,'1',3486.49,9092,1,275,NULL,NULL,'张三',612),('316077997.8080391','qgdixr',1,'ffudxuaodpyhcfb',NULL,'1',3600.57,70485,1,650,NULL,NULL,'张三',613),('471586871.9698272','etmwfajbydldukvkg',6,'yahteefpdfwpgbxmh',NULL,'1',2135.64,1723,1,443,NULL,NULL,'张三',614),('49485955.07299536','dreqocnha',3,'knrpoojnyl',NULL,'1',937.32,37407,1,644,NULL,NULL,'张三',615),('538729886.097216','nghhxbwidckhufwhjjj',4,'aphgtmhx',NULL,'1',4803.32,21186,1,77,NULL,NULL,'张三',616),('823419537.6304208','fujtykobhbwvuspxmon',6,'jpgt',NULL,'1',2351.38,31653,1,332,NULL,NULL,'张三',617),('351738866.2067873','oqrgggibwckpmsfmum',1,'uwkvexxkb',NULL,'1',230.34,15372,1,626,NULL,NULL,'张三',618),('574965901.0391301','egepdsernprwk',3,'rstysxmxncf',NULL,'1',3279.36,6904,1,719,NULL,NULL,'张三',619),('598179634.4546306','lgnsxvvoymbl',5,'ryvqduilhkamonppxvj',NULL,'1',9505.57,10849,1,595,NULL,NULL,'张三',620),('618229120.1557853','ceukcuaume',6,'ys',NULL,'1',5551.60,69334,1,566,NULL,NULL,'张三',621),('310203197.0326801','ny',2,'vajwp',NULL,'1',6189.30,5247,1,700,NULL,NULL,'张三',622),('912017967.0441797','bmljilrfmilnn',5,'lefuddwuw',NULL,'1',8834.61,53949,1,487,NULL,NULL,'张三',623),('501069985.40215766','v',6,'sthkmtw',NULL,'1',5211.49,10741,1,156,NULL,NULL,'张三',624),('314676400.87880397','cne',2,'heqw',NULL,'1',9105.89,87104,1,477,NULL,NULL,'张三',625),('211958556.4393227','xrffognuhnlgmfpph',4,'cbboxvin',NULL,'1',3038.85,56478,1,396,NULL,NULL,'张三',626),('475705128.1690334','ihjya',6,'idmkxyh',NULL,'1',2304.48,4513,1,105,NULL,NULL,'张三',627),('961071065.9747193','asvmc',2,'ajsccd',NULL,'1',1237.39,78925,1,910,NULL,NULL,'张三',628),('477740249.16729265','i',5,'yrwghedgpttjyyqawnf',NULL,'1',4682.74,28281,1,370,NULL,NULL,'张三',629),('696380770.8838881','qpshudjsjgcrrv',4,'xdhdsum',NULL,'1',9282.83,12959,1,20,NULL,NULL,'张三',630),('45690247.59395546','e',4,'kdnroqbckybtyqt',NULL,'1',2614.28,71075,1,229,NULL,NULL,'张三',631),('968131972.921635','ou',4,'snp',NULL,'1',5962.77,50479,1,377,NULL,NULL,'张三',632),('556019740.1091421','kekmttiwupoafxkaax',2,'paoxgfsyxlulwmofh',NULL,'1',6003.97,10521,1,245,NULL,NULL,'张三',633),('545095591.1960366','xsxdmxaipcutwecmwk',2,'sivgjdfrbk',NULL,'1',4052.55,91602,1,211,NULL,NULL,'张三',634),('822565611.4780252','yuueycg',1,'ooyethayiderajrl',NULL,'1',969.96,81613,1,825,NULL,NULL,'张三',635),('752923860.3294533','jlitjxhiolrkrct',1,'i',NULL,'1',1117.64,61589,1,292,NULL,NULL,'张三',636),('710759699.2723417','tomxqidul',1,'oepcbt',NULL,'1',9250.28,52616,1,956,NULL,NULL,'张三',637),('582680645.2730716','uhs',6,'g',NULL,'1',2690.85,66959,1,443,NULL,NULL,'张三',638),('685221731.2907804','klsorrkqot',1,'g',NULL,'1',6612.47,52978,1,289,NULL,NULL,'张三',639),('37321707.15901062','f',6,'yitofiwdkks',NULL,'1',8993.07,80302,1,863,NULL,NULL,'张三',640),('962507991.7248875','griurprwgnkyofv',4,'qbpntlft',NULL,'1',8352.22,96603,1,306,NULL,NULL,'张三',641),('203753252.63971743','nswr',2,'wyxnx',NULL,'1',5514.81,65696,1,664,NULL,NULL,'张三',642),('698114162.307217','qtpsfpkvbnmamucepuv',3,'yvkyibbwukfmona',NULL,'1',2352.68,15924,1,212,NULL,NULL,'张三',643),('373933331.49140537','kmpugcjsxquv',2,'qdmrbdxnhdf',NULL,'1',2765.82,27008,1,611,NULL,NULL,'张三',644),('652017032.2839787','ytwnqfivxsgm',2,'fuuk',NULL,'1',4890.86,81160,1,62,NULL,NULL,'张三',645),('921737888.127528','vmdficfllecjkgwmoel',6,'udk',NULL,'1',4347.16,98386,1,170,NULL,NULL,'张三',646),('758107237.7909696','eoywcmqgibxstdyjn',3,'jmiflcliaqxcgyvhe',NULL,'1',9831.08,3468,1,667,NULL,NULL,'张三',647),('70067745.58220363','ylcsokwxi',4,'pmlqrmkrsmkfrjy',NULL,'1',2129.77,19798,1,579,NULL,NULL,'张三',648),('568447460.7287575','suejjwdxthtkvojadk',4,'xjnd',NULL,'1',1600.42,3198,1,429,NULL,NULL,'张三',649),('667615800.3875307','cdsymihvbwf',1,'iwqfigswscyo',NULL,'1',6064.90,97206,1,553,NULL,NULL,'张三',650),('392643838.58770025','eekkwrxiwsbhja',6,'lydbknbyiawknenq',NULL,'1',7620.08,96771,1,616,NULL,NULL,'张三',651),('415167383.94606864','luenhigfvjvoniq',5,'te',NULL,'1',6241.18,34998,1,815,NULL,NULL,'张三',652),('235627081.8796261','knbhwtjsfwomrjvet',2,'hermejrjwrqmfu',NULL,'1',8044.64,13647,1,782,NULL,NULL,'张三',653),('931216048.5086082','xrxcrky',1,'gxmhwo',NULL,'1',9883.94,22350,1,333,NULL,NULL,'张三',654),('124311158.77441745','uugc',6,'ubdairsvfwpa',NULL,'1',3773.35,83385,1,159,NULL,NULL,'张三',655),('685611903.5767978','ba',4,'htkouktfnmfqep',NULL,'1',3611.95,31496,1,694,NULL,NULL,'张三',656),('766063656.7697971','jbqckqq',2,'xtksfhjxbtwhoyhqv',NULL,'1',6931.80,30651,1,545,NULL,NULL,'张三',657),('233116174.0973239','comboh',2,'psdsmrrti',NULL,'1',5382.30,47358,1,686,NULL,NULL,'张三',658),('501441937.60852796','wphgtjwxemrpuba',3,'ribufgthmcq',NULL,'1',8225.24,21461,1,628,NULL,NULL,'张三',659),('686933437.4169209','ilyasak',2,'i',NULL,'1',4024.44,48900,1,841,NULL,NULL,'张三',660),('392605172.75083584','aalmlno',2,'ckneeariwijbmcrooak',NULL,'1',9737.98,18699,1,965,NULL,NULL,'张三',661),('841977212.7189287','jgbxgkah',3,'vvkcxs',NULL,'1',1359.58,34012,1,505,NULL,NULL,'张三',662),('860211592.8100208','kywaypmc',5,'gmbxst',NULL,'1',9554.89,20430,1,199,NULL,NULL,'张三',663),('410866838.01815593','lyhvndojjogvcqkxbj',6,'nhafytpr',NULL,'1',793.28,54111,1,144,NULL,NULL,'张三',664),('269087054.07989943','',2,'coniwjpqpcojavr',NULL,'1',825.97,75695,1,159,NULL,NULL,'张三',665),('110147191.6268395','gyukmejichocncfmue',2,'gdkrnc',NULL,'1',1539.05,61106,1,916,NULL,NULL,'张三',666),('130761800.5113248','fuucdipte',6,'dsopnxaxhdju',NULL,'1',5053.10,43664,1,563,NULL,NULL,'张三',667),('733290493.4387692','kqxhtwhxsmrojlnajf',4,'ewdjfxxgqtgl',NULL,'1',2764.20,78580,1,594,NULL,NULL,'张三',668),('394000135.35567105','eyvgdigrmhpvfy',6,'agxq',NULL,'1',77.15,91543,1,233,NULL,NULL,'张三',669),('289623327.22543305','ffrmjl',6,'xqxvwj',NULL,'1',1839.12,78090,1,235,NULL,NULL,'张三',670),('528201172.3882404','qpgreyvolwkyqxva',2,'hlfmfmkdehxflkhh',NULL,'1',2766.83,11800,1,404,NULL,NULL,'张三',671),('958996637.5326762','eyosgl',4,'mwppgaiaowa',NULL,'1',4316.75,59308,1,477,NULL,NULL,'张三',672),('555159863.1952577','rauccthagds',3,'',NULL,'1',5196.34,91527,1,481,NULL,NULL,'张三',673),('210972397.13064742','ywlasij',3,'dgtfcnvnp',NULL,'1',5474.32,14503,1,313,NULL,NULL,'张三',674),('778904376.5883867','ni',6,'hejikj',NULL,'1',9244.60,36647,1,892,NULL,NULL,'张三',675),('430362536.32841814','brap',4,'miktnmbxiwhctv',NULL,'1',8327.26,70587,1,757,NULL,NULL,'张三',676),('18551169.590032447','yskmhm',6,'kptaygenvhxoqmdww',NULL,'1',6304.69,55608,1,633,NULL,NULL,'张三',677),('759565615.1780123','bekkwkshwnlh',3,'prv',NULL,'1',6491.49,89041,1,149,NULL,NULL,'张三',678),('623350965.1939857','cny',6,'vseuprfpievfjbg',NULL,'1',7067.60,45010,1,132,NULL,NULL,'张三',679),('359376971.4877443','obdeccaabjvgjt',6,'vgaji',NULL,'1',1550.35,10507,1,355,NULL,NULL,'张三',680),('290969661.02544874','vxyrry',1,'liyhcp',NULL,'1',7203.27,10706,1,911,NULL,NULL,'张三',681),('666492806.5918684','edoitkgcx',1,'frtbl',NULL,'1',9505.26,28272,1,644,NULL,NULL,'张三',682),('708815886.6166147','cbuwxmriuathek',4,'bgoh',NULL,'1',1925.26,59287,1,569,NULL,NULL,'张三',683),('516109300.9142146','bdqrxpifcntehw',5,'icnpu',NULL,'1',4191.81,86473,1,377,NULL,NULL,'张三',684),('673774912.4427545','fibqgdttnolaeuawsbg',3,'ofsvjbdw',NULL,'1',9769.92,27131,1,172,NULL,NULL,'张三',685),('745777933.5520486','ttshvhaicwcfrvrd',2,'kyfjwbdyfp',NULL,'1',3367.43,24206,1,406,NULL,NULL,'张三',686),('638543537.3950716','nvbesrb',5,'a',NULL,'1',9979.91,87312,1,620,NULL,NULL,'张三',687),('411590727.62645155','acxiatqbe',1,'kxhukktbyf',NULL,'1',5572.51,27222,1,289,NULL,NULL,'张三',688),('494016415.0115563','jfkg',3,'edsrcg',NULL,'1',344.86,12513,1,754,NULL,NULL,'张三',689),('355026129.8365953','mataxoywqt',3,'iwtsuuucdk',NULL,'1',9288.12,32327,1,549,NULL,NULL,'张三',690),('878607943.0860802','in',2,'wtrrgxxekcvc',NULL,'1',2564.70,37736,1,435,NULL,NULL,'张三',691),('149210979.5531188','oygeiiruk',4,'fpfkyjedj',NULL,'1',5722.54,35296,1,458,NULL,NULL,'张三',692),('849389008.8199474','glrxgmchjwowiwwunn',1,'egwimttlidsabs',NULL,'1',9665.23,86937,1,747,NULL,NULL,'张三',693),('533390502.8138233','yadgtrbwpghqmkctutw',4,'bqfjvr',NULL,'1',9522.36,37155,1,521,NULL,NULL,'张三',694),('439481568.47001016','kg',4,'lpqeqdym',NULL,'1',6869.47,19078,1,522,NULL,NULL,'张三',695),('186115653.13373247','tvdgaiinpvalrh',5,'stmoodmhcgavucnu',NULL,'1',8496.67,83475,1,458,NULL,NULL,'张三',696),('434919023.60751975','aui',5,'orogmtfpfqro',NULL,'1',926.64,41424,1,294,NULL,NULL,'张三',697),('978754008.7229258','dniuomdxocqyagj',6,'akvli',NULL,'1',1143.79,91025,1,102,NULL,NULL,'张三',698),('746406101.4771136','gkeghrkq',2,'',NULL,'1',8193.74,632,1,155,NULL,NULL,'张三',699),('844722818.8404722','uqt',4,'ld',NULL,'1',5366.81,51314,1,41,NULL,NULL,'张三',700),('531978205.3272837','qdwqtwkkyl',5,'gbhxpbgycag',NULL,'1',3879.66,28504,1,206,NULL,NULL,'张三',701),('765280221.2156005','ngntxwnbv',4,'nt',NULL,'1',648.10,63530,1,876,NULL,NULL,'张三',702),('240904208.1682318','kfvmfjoptixqqfmsnaw',1,'fqfxfousukt',NULL,'1',6383.45,50333,1,54,NULL,NULL,'张三',703),('296484879.72213656','wnqukasgljd',3,'stifrbvhxh',NULL,'1',8169.96,27109,1,651,NULL,NULL,'张三',704),('190854951.25081632','qavycbkkdcxrkoj',6,'negedwxekxarwx',NULL,'1',4819.91,53981,1,170,NULL,NULL,'张三',705),('755881558.2848778','xmgwpyjuqldqolc',4,'wufpsavafbwnugy',NULL,'1',8076.74,90222,1,647,NULL,NULL,'张三',706),('150807796.46159914','ywyeslte',2,'xmfdnqf',NULL,'1',2287.16,86388,1,523,NULL,NULL,'张三',707),('858065033.8249238','idpvwxwytu',4,'erqcijmkloahw',NULL,'1',2845.70,50845,1,471,NULL,NULL,'张三',708),('341074288.83189905','mgyemkdfmaneh',1,'bxxorjm',NULL,'1',6934.31,57747,1,877,NULL,NULL,'张三',709),('666040804.5263824','ah',3,'l',NULL,'1',6650.38,47676,1,560,NULL,NULL,'张三',710),('897551682.5263907','ynvqweijhsrd',6,'lawoilnslfbc',NULL,'1',6070.15,69507,1,495,NULL,NULL,'张三',711),('842197963.2906114','helatrhvfin',1,'smwouunu',NULL,'1',1303.69,71405,1,868,NULL,NULL,'张三',712),('509822230.4036285','jcmsmh',3,'rfgwilybe',NULL,'1',2900.03,8921,1,650,NULL,NULL,'张三',713),('981642219.3761948','txhigjd',4,'jrbjkwbkapomshnmnoa',NULL,'1',9562.93,23975,1,68,NULL,NULL,'张三',714),('640198048.0449284','edgpiqrfepkb',5,'aaeu',NULL,'1',1391.66,13135,1,520,NULL,NULL,'张三',715),('952930723.7528635','qnpnqhygulxhmocp',6,'r',NULL,'1',9131.39,49128,1,238,NULL,NULL,'张三',716),('13035573.70062225','ibgxpnuelqdjais',6,'otwtjtng',NULL,'1',4770.88,55903,1,891,NULL,NULL,'张三',717),('902797602.0405085','qxlhoj',2,'gpspehevyxygyyv',NULL,'1',447.72,68128,1,24,NULL,NULL,'张三',718),('658405663.1868724','bipldmf',4,'pxjcmshlssdjvlf',NULL,'1',3526.26,79568,1,94,NULL,NULL,'张三',719),('61748227.25135021','msrggphmhvkrsfs',3,'nnvtgclwrcyskdsh',NULL,'1',1068.61,34996,1,39,NULL,NULL,'张三',720),('326282279.88224846','wvbbdicukroe',1,'ewt',NULL,'1',8674.53,12714,1,104,NULL,NULL,'张三',721),('723854783.9681567','nxpwhpyhkdhotuuwg',6,'lj',NULL,'1',949.44,83756,1,958,NULL,NULL,'张三',722),('307784365.98455805','xsyypueenwjpe',5,'cfpd',NULL,'1',8932.59,31337,1,265,NULL,NULL,'张三',723),('150492820.69359872','ymiusjtuawvllxq',4,'sn',NULL,'1',4190.96,3386,1,731,NULL,NULL,'张三',724),('687771931.0013248','ubowrltedgafxrn',3,'pduysvwchefnddsop',NULL,'1',4412.68,48199,1,959,NULL,NULL,'张三',725),('1033947.9542813557','xmjwe',4,'ybwxsvfbxshp',NULL,'1',2606.63,92283,1,450,NULL,NULL,'张三',726),('465484650.46838206','tgxlbshinmrcanv',6,'bjuraswkd',NULL,'1',9593.65,43305,1,258,NULL,NULL,'张三',727),('763692073.3180099','hpekqfcmikwhtnnrvb',6,'pes',NULL,'1',6816.46,6067,1,279,NULL,NULL,'张三',728),('302273165.60671055','odceqopjpdjvjfbeqy',1,'f',NULL,'1',9241.53,78382,1,839,NULL,NULL,'张三',729),('539973033.5854121','kvyndvxwf',4,'djhvi',NULL,'1',9311.68,83896,1,955,NULL,NULL,'张三',730),('451282738.4467781','vvvbyr',2,'mwogkoorcagsdlns',NULL,'1',9307.86,2777,1,673,NULL,NULL,'张三',731),('122790583.64405549','sfansp',6,'cujsc',NULL,'1',7162.60,77768,1,465,NULL,NULL,'张三',732),('584812168.7354048','gjsogjancswrth',2,'jnweoviebvrvbj',NULL,'1',1805.66,47915,1,233,NULL,NULL,'张三',733),('250698007.4722257','ujuo',4,'nhqoejqjqlpbakoqww',NULL,'1',6646.01,95648,1,740,NULL,NULL,'张三',734),('230709976.57447857','jhcjtptodocauv',5,'',NULL,'1',6463.63,96087,1,638,NULL,NULL,'张三',735),('71384286.19456072','ttdyjhpqpafaqmwino',5,'fgio',NULL,'1',8213.04,26897,1,555,NULL,NULL,'张三',736),('657438789.1036198','sah',1,'sbjwt',NULL,'1',333.27,78043,1,679,NULL,NULL,'张三',737),('512260776.19571495','fbxltbundipfnrc',2,'hawampcemrmuusuqyhu',NULL,'1',3851.50,42091,1,937,NULL,NULL,'张三',738),('684314940.4611554','pfesyglophxbdw',4,'vuupdhsihtjj',NULL,'1',9246.30,16959,1,311,NULL,NULL,'张三',739),('443406400.6080444','bcghapucqrrwmu',5,'lybgpldbfa',NULL,'1',4247.06,38798,1,558,NULL,NULL,'张三',740),('743012147.2935274','ulorcnrafsqueld',6,'otthiqmthdfhbskr',NULL,'1',6398.16,65650,1,894,NULL,NULL,'张三',741),('190263249.51363006','k',2,'',NULL,'1',5224.09,50534,1,60,NULL,NULL,'张三',742),('860935065.4606845','lrkhogs',4,'yrtscvplgbhty',NULL,'1',4704.71,34386,1,305,NULL,NULL,'张三',743),('275315890.26557124','xlag',3,'xhhnjmdagrwopox',NULL,'1',41.56,3448,1,436,NULL,NULL,'张三',744),('186871258.50812757','',2,'wtgvusse',NULL,'1',1813.25,40700,1,366,NULL,NULL,'张三',745),('857713456.6656107','wvifphwr',6,'cmqakwudldrvel',NULL,'1',303.94,20246,1,454,NULL,NULL,'张三',746),('422894358.5361039','dclmtvwfblcql',3,'xpcypto',NULL,'1',2645.71,25815,1,916,NULL,NULL,'张三',747),('518691622.30043584','vacboqodewnn',6,'mhemguemd',NULL,'1',5874.66,54547,1,143,NULL,NULL,'张三',748),('580419712.1470637','w',6,'',NULL,'1',1543.08,27768,1,940,NULL,NULL,'张三',749),('83135684.44401121','t',6,'ssjoqntlbftddmcj',NULL,'1',6386.29,32893,1,293,NULL,NULL,'张三',750),('937332497.3391815','tgpkrshrq',6,'xlbhfcsgbxuujkdbb',NULL,'1',8928.57,15142,1,506,NULL,NULL,'张三',751),('551235589.1254485','n',3,'',NULL,'1',141.42,72730,1,272,NULL,NULL,'张三',752),('860068824.7968096','dncf',1,'sldnfxms',NULL,'1',9907.28,11359,1,880,NULL,NULL,'张三',753),('869583443.12675','',6,'ffvoedgfgrn',NULL,'1',2590.73,89987,1,715,NULL,NULL,'张三',754),('270409657.9750914','',1,'ehicseyqgepsdmogx',NULL,'1',396.89,54313,1,57,NULL,NULL,'张三',755),('832041614.8952692','tvlycrrrvovlps',3,'thwmykpruhsuj',NULL,'1',6636.48,61924,1,461,NULL,NULL,'张三',756),('310646040.54978704','xs',1,'rprwbvatkkar',NULL,'1',794.22,74341,1,462,NULL,NULL,'张三',757),('454180378.9975856','iucrmwgqrwillsaf',5,'chph',NULL,'1',2001.30,42305,1,592,NULL,NULL,'张三',758),('99920284.8071511','ugjrdkfycxtlpojir',5,'bpxaaw',NULL,'1',5414.72,52304,1,667,NULL,NULL,'张三',759),('501086325.7835213','f',3,'yl',NULL,'1',5365.07,54889,1,385,NULL,NULL,'张三',760),('114290981.158636','vggletdaic',5,'piciamtumo',NULL,'1',5114.00,64070,1,398,NULL,NULL,'张三',761),('710040904.2753568','vwewhi',4,'y',NULL,'1',7228.32,6038,1,270,NULL,NULL,'张三',762),('476888826.77985686','jggyckrwfbdnqc',4,'nnywgqhwq',NULL,'1',9763.96,85767,1,723,NULL,NULL,'张三',763),('583251459.7586117','ybbhxdbcbx',4,'gpgoayoxgki',NULL,'1',4112.69,41551,1,360,NULL,NULL,'张三',764),('454024622.04004514','jdhrdisfmvbkgc',4,'vjappxlvxvkdlpqdh',NULL,'1',292.13,41673,1,294,NULL,NULL,'张三',765),('330899142.9241762','f',6,'txk',NULL,'1',5142.94,30795,1,291,NULL,NULL,'张三',766),('438008473.2868887','q',1,'wgmmycpocifjtftawd',NULL,'1',7514.09,21878,1,588,NULL,NULL,'张三',767),('723787894.1595286','jvrmmmwyar',3,'oabduilh',NULL,'1',2935.99,41971,1,103,NULL,NULL,'张三',768),('205591537.3749705','odhuaai',4,'eth',NULL,'1',7239.87,86447,1,900,NULL,NULL,'张三',769),('823500870.149322','qrjak',3,'fnbdpunccorvro',NULL,'1',8498.17,95671,1,782,NULL,NULL,'张三',770),('898323928.3804512','pqrpof',2,'nkfuswkwjvmwrkgjxn',NULL,'1',391.25,45693,1,902,NULL,NULL,'张三',771),('54983344.40209041','vstx',1,'',NULL,'1',5230.78,64651,1,137,NULL,NULL,'张三',772),('931839036.654283','en',6,'',NULL,'1',9934.73,59470,1,126,NULL,NULL,'张三',773),('83790108.4275402','tdhelutd',1,'nelebxhevnrkcvendeq',NULL,'1',5675.94,61213,1,698,NULL,NULL,'张三',774),('437347599.4236241','lcrcrweeirfbntffskv',2,'hsvjgdfps',NULL,'1',7151.79,11794,1,984,NULL,NULL,'张三',775),('872897087.5523322','rjmtaoseetdujtcmff',2,'nlvmtlasalmovp',NULL,'1',7090.43,313,1,725,NULL,NULL,'张三',776),('230811408.6768165','vv',3,'p',NULL,'1',1504.21,78264,1,647,NULL,NULL,'张三',777),('990148294.5478967','dfckbpxgumqtnoslwu',3,'emwrqceweyvghhoxch',NULL,'1',4887.26,97427,1,538,NULL,NULL,'张三',778),('131838240.26170842','qnjlo',1,'bfeyuj',NULL,'1',6507.13,33034,1,448,NULL,NULL,'张三',779),('288377184.356622','euuqlqf',3,'lpkejybbsulk',NULL,'1',1286.53,1434,1,949,NULL,NULL,'张三',780),('481900877.3020078','rfqsncrx',2,'lbplbegbnxws',NULL,'1',8528.07,17749,1,472,NULL,NULL,'张三',781),('10420865.960548697','aqrnax',1,'ycjbqew',NULL,'1',5803.10,40853,1,546,NULL,NULL,'张三',782),('284759740.14956254','vpeurienpi',3,'lrmyumcpinx',NULL,'1',3249.51,77942,1,808,NULL,NULL,'张三',783),('908176411.5539676','xrkx',6,'ibmgdqksncl',NULL,'1',3385.73,88515,1,741,NULL,NULL,'张三',784),('683811983.1043139','mgwxxbgpvgdie',6,'ptlpbocva',NULL,'1',2159.50,31695,1,22,NULL,NULL,'张三',785),('289192076.71690995','o',2,'',NULL,'1',9806.52,7311,1,586,NULL,NULL,'张三',786),('752476848.3334373','fjnwuwm',5,'guacjikkmlb',NULL,'1',7394.97,72582,1,783,NULL,NULL,'张三',787),('899835453.147035','qgkwmxlnfreffxg',4,'ngstkxidrfcqmjn',NULL,'1',5260.47,5399,1,246,NULL,NULL,'张三',788),('383758898.25667864','lioqwkvlkxskvkuv',6,'',NULL,'1',612.41,83556,1,74,NULL,NULL,'张三',789),('57746182.91800804','xws',2,'satgiwa',NULL,'1',9831.89,1027,1,111,NULL,NULL,'张三',790),('581034036.2373704','elfj',6,'ygdsxwsfu',NULL,'1',387.74,92693,1,34,NULL,NULL,'张三',791),('498102943.94939744','njfojfqsckgpghr',6,'tixevyjp',NULL,'1',5558.19,17956,1,892,NULL,NULL,'张三',792),('659230471.5605785','inciaawaylhkmngl',2,'bktakhrosjjpilodcoq',NULL,'1',2572.17,85776,1,477,NULL,NULL,'张三',793),('491379122.8570042','dmdd',5,'sjkdmcyeuiqgmpl',NULL,'1',2095.00,15679,1,653,NULL,NULL,'张三',794),('827402202.7505871','ttoafvlowgwyfdaoa',4,'squwhieycqijuc',NULL,'1',701.74,87424,1,241,NULL,NULL,'张三',795),('121013663.20956586','neqgmgpg',6,'bebxfkcvbflngo',NULL,'1',7562.72,13035,1,915,NULL,NULL,'张三',796),('731820922.4771312','aclfs',3,'cwwgnvtjpecie',NULL,'1',5159.14,72573,1,630,NULL,NULL,'张三',797),('327201484.5048138','gnttjur',3,'vcyncldg',NULL,'1',4918.22,18301,1,269,NULL,NULL,'张三',798),('762867490.1068442','cftdhyvkohtdpqprdwm',5,'dwvxpgjbwri',NULL,'1',3528.18,97227,1,827,NULL,NULL,'张三',799),('780348093.4026009','',3,'whcagxbdss',NULL,'1',2313.07,7788,1,902,NULL,NULL,'张三',800),('67038603.773784675','uve',4,'wassggxolk',NULL,'1',3209.36,72681,1,570,NULL,NULL,'张三',801),('650300261.8945826','wsitr',5,'inmwxfjdxi',NULL,'1',4317.71,42992,1,226,NULL,NULL,'张三',802),('133275459.1615174','',5,'',NULL,'1',5654.29,15246,1,97,NULL,NULL,'张三',803),('394047452.5811789','mghulnalvrd',3,'utodykusmspuxstmfl',NULL,'1',8839.01,23362,1,118,NULL,NULL,'张三',804),('744669492.8564734','qdmsdfcub',6,'jha',NULL,'1',8833.69,5692,1,952,NULL,NULL,'张三',805),('257103592.70680717','jcjugnskpniqm',1,'rnrthu',NULL,'1',2045.21,98084,1,16,NULL,NULL,'张三',806),('784632348.0132799','mjpeaj',5,'eyrfkt',NULL,'1',7116.67,94015,1,258,NULL,NULL,'张三',807),('937260189.6466496','divsplbawelnnr',6,'pbktf',NULL,'1',3929.73,11377,1,970,NULL,NULL,'张三',808),('471185545.36836344','ucdnvhaiqcskxr',6,'gpdyboura',NULL,'1',1476.86,98361,1,328,NULL,NULL,'张三',809),('912018626.6863829','qjmka',2,'kharjgwsq',NULL,'1',9364.70,7666,1,452,NULL,NULL,'张三',810),('752605356.9597868','urdjktxhrptyce',2,'skxsbj',NULL,'1',5753.98,17316,1,590,NULL,NULL,'张三',811),('104048070.37997931','midkfjqwoytqdxluh',6,'ynxxgdysm',NULL,'1',970.55,46755,1,20,NULL,NULL,'张三',812),('848852673.4531875','mxsydibrqrveeifrk',5,'',NULL,'1',9019.77,5634,1,911,NULL,NULL,'张三',813),('626889924.9937646','cnaxj',1,'mtgvjtyg',NULL,'1',8994.66,66286,1,221,NULL,NULL,'张三',814),('860751574.18644','yyxcrdmrbwkyxqyf',3,'cddruxjcmbmcsru',NULL,'1',9386.88,40763,1,20,NULL,NULL,'张三',815),('293380291.899956','x',3,'xlv',NULL,'1',1064.66,16139,1,339,NULL,NULL,'张三',816),('415606868.6457929','escthtnyudqtag',3,'vpedoo',NULL,'1',9853.48,25162,1,432,NULL,NULL,'张三',817),('812552143.734018','',6,'rqqvoadteicgojsubfr',NULL,'1',8359.51,84211,1,744,NULL,NULL,'张三',818),('974845495.7704929','fjn',4,'dbgjlphhcbwrp',NULL,'1',3019.56,53975,1,489,NULL,NULL,'张三',819),('280896895.530706','bomofexeucy',1,'msggaoxefgrrx',NULL,'1',9900.88,37529,1,851,NULL,NULL,'张三',820),('525431157.16473156','',1,'sjxppsbdnmum',NULL,'1',4300.30,13690,1,792,NULL,NULL,'张三',821),('777726985.5802169','aneyjeikncarsgi',6,'nkbibiiqelpmrmoedgs',NULL,'1',9569.30,39735,1,623,NULL,NULL,'张三',822),('319463287.4643772','gffasifbkgnmdhy',6,'cfchgqspggqfsgdmch',NULL,'1',5185.15,32158,1,791,NULL,NULL,'张三',823),('892023394.0955045','smnv',6,'hdhqjximcurreryr',NULL,'1',635.10,43720,1,542,NULL,NULL,'张三',824),('350880191.50553226','voefnbtdaxhdnfyvbu',3,'fplqool',NULL,'1',1267.38,48964,1,954,NULL,NULL,'张三',825),('582741360.9775901','jxlmxmmqfurbforp',4,'qte',NULL,'1',5384.53,34861,1,242,NULL,NULL,'张三',826),('678021351.9646437','pncqoncgrmunmm',1,'seaxvxvjdtwxe',NULL,'1',8349.00,25471,1,994,NULL,NULL,'张三',827),('352370684.8970236','bwmpshanoyjrwf',2,'fvum',NULL,'1',6422.10,49709,1,38,NULL,NULL,'张三',828),('157563018.84315106','js',4,'mmrshcwjugj',NULL,'1',2590.35,31669,1,912,NULL,NULL,'张三',829),('694020162.986816','ttkvbp',6,'bekiqxipj',NULL,'1',5823.31,71067,1,350,NULL,NULL,'张三',830),('868755794.6508862','qmomfpryuqnaigrg',4,'wv',NULL,'1',3136.73,80745,1,191,NULL,NULL,'张三',831),('757955510.5027977','mrunfslwhkqycc',6,'mcmbumiym',NULL,'1',6166.26,2486,1,144,NULL,NULL,'张三',832),('524809250.0513527','hhufdpxqplwjqi',6,'',NULL,'1',3159.39,88446,1,640,NULL,NULL,'张三',833),('230033578.74188113','q',1,'yxyqicpanespprgkxoo',NULL,'1',7031.20,22896,1,519,NULL,NULL,'张三',834),('616668455.22614','pd',6,'jntwefeyspndafinhnr',NULL,'1',5070.31,1954,1,37,NULL,NULL,'张三',835),('280628535.4518889','hbjwmkthkrraaufghtx',4,'ur',NULL,'1',3553.67,80462,1,331,NULL,NULL,'张三',836),('367407218.1589275','da',5,'jpyxxee',NULL,'1',9617.28,19115,1,627,NULL,NULL,'张三',837),('840355331.451817','bxjectc',5,'iusaqktimvgio',NULL,'1',2559.11,88792,1,478,NULL,NULL,'张三',838),('825254113.4925803','tduajj',3,'rxkyvgdadujqjdoawh',NULL,'1',5473.84,33251,1,498,NULL,NULL,'张三',839),('303198380.74507254','pcl',6,'tqhjkwtgwglsfq',NULL,'1',2484.84,69252,1,71,NULL,NULL,'张三',840),('450217309.8862573','kaqea',6,'yuqum',NULL,'1',4178.88,29040,1,977,NULL,NULL,'张三',841),('416714967.88964427','i',4,'dilejus',NULL,'1',7282.90,40869,1,181,NULL,NULL,'张三',842),('291862791.2933663','wloul',2,'siuqksrcckctltytfgk',NULL,'1',5251.77,91473,1,268,NULL,NULL,'张三',843),('664091966.075068','ofbrajusrmfobd',5,'pfmegjlwkfrlkayat',NULL,'1',1646.37,90634,1,160,NULL,NULL,'张三',844),('580627362.5759284','woqmudhwsqxkbp',6,'ioqgwfgen',NULL,'1',2943.60,895,1,78,NULL,NULL,'张三',845),('898403964.4615896','smqppylocmvojxt',4,'rocrbtwspc',NULL,'1',5848.31,78224,1,393,NULL,NULL,'张三',846),('106839612.05378644','hgb',3,'jwfqdanagxmwdw',NULL,'1',1345.68,83702,1,551,NULL,NULL,'张三',847),('582992657.7711313','tugtocv',3,'qgvmspfnnsypflmd',NULL,'1',7141.61,2236,1,845,NULL,NULL,'张三',848),('813231376.1674392','vqeccfjodhb',6,'caglqoicihyi',NULL,'1',9957.36,89157,1,523,NULL,NULL,'张三',849),('404121483.7933062','uwpqrlctnpnpnlqw',2,'xfkjuvhuqt',NULL,'1',738.25,11929,1,253,NULL,NULL,'张三',850),('329124694.437776','lmvmpjvecfbc',6,'',NULL,'1',841.91,19784,1,297,NULL,NULL,'张三',851),('636749334.5770783','xhkbeg',6,'iolfoag',NULL,'1',4844.27,16839,1,656,NULL,NULL,'张三',852),('806776633.5780107','mfenmccdcjgkfi',6,'xafvyws',NULL,'1',9227.64,65211,1,299,NULL,NULL,'张三',853),('798322906.1502376','mxqiccflxm',5,'wwxo',NULL,'1',9834.32,74002,1,989,NULL,NULL,'张三',854),('39783486.02190085','cjpfrcnbr',3,'qvaxsnbyedf',NULL,'1',6930.85,69644,1,515,NULL,NULL,'张三',855),('358951369.9384056','rtfakyfpaytnoeb',3,'pcfpbqta',NULL,'1',3446.00,12159,1,325,NULL,NULL,'张三',856),('935338353.2936323','thhinpaom',5,'nqva',NULL,'1',6905.11,1266,1,259,NULL,NULL,'张三',857),('582360193.1243806','rtwvliavhagtvjm',2,'xkhwuqkyiewvsqd',NULL,'1',9682.71,47454,1,497,NULL,NULL,'张三',858),('539977660.8799188','exsnbbiynvd',5,'ucfdup',NULL,'1',4209.47,20821,1,969,NULL,NULL,'张三',859),('646915749.6694716','stkjvntlsevlmervvv',5,'eopacamdyblhluudd',NULL,'1',5037.57,14571,1,62,NULL,NULL,'张三',860),('873845468.4665289','shamsqeiuloqryb',3,'',NULL,'1',4917.50,57131,1,546,NULL,NULL,'张三',861),('689179950.0436984','akedvfro',2,'wdtgp',NULL,'1',8574.85,59885,1,955,NULL,NULL,'张三',862),('281176021.09636307','pfu',6,'htwo',NULL,'1',8172.52,62809,1,443,NULL,NULL,'张三',863),('176434245.09511453','aacwplxwnuvhdrbp',5,'kdolukmbx',NULL,'1',2495.41,43466,1,771,NULL,NULL,'张三',864),('152494457.83410764','',6,'wqoxrthkvuwbrqnh',NULL,'1',5476.24,25394,1,924,NULL,NULL,'张三',865),('355071933.83060986','',2,'xntxhbirug',NULL,'1',3016.19,69188,1,55,NULL,NULL,'张三',866),('92942981.6268471','opnquxixiupiveqpdmj',6,'cngvmsnxpcy',NULL,'1',5153.71,61637,1,743,NULL,NULL,'张三',867),('447479939.3498908','dcyfiobohkndlfgwur',6,'vhpkpyvfrk',NULL,'1',1939.09,96768,1,474,NULL,NULL,'张三',868),('605253027.5291673','vbqnxqo',2,'gsekbpubnmswjtoesi',NULL,'1',3073.54,97714,1,960,NULL,NULL,'张三',869),('742936527.3605912','xme',5,'qb',NULL,'1',2181.69,96530,1,681,NULL,NULL,'张三',870),('407432265.136346','fidoutnhudb',1,'w',NULL,'1',4456.48,90542,1,790,NULL,NULL,'张三',871),('913174620.7629123','efmctotwqkkdxfr',6,'aumc',NULL,'1',4082.08,42614,1,324,NULL,NULL,'张三',872),('724568968.5164473','mgawdey',6,'atyqubwet',NULL,'1',6847.46,37642,1,594,NULL,NULL,'张三',873),('398767037.05884576','nmupahgnfmtgmqd',5,'egvghbnmarldeuh',NULL,'1',7544.67,29094,1,64,NULL,NULL,'张三',874),('469751886.70166904','iroeu',3,'uobkmvrv',NULL,'1',3955.43,50656,1,461,NULL,NULL,'张三',875),('879668944.8491764','siawffbuq',6,'vnbthmmfo',NULL,'1',417.27,57308,1,135,NULL,NULL,'张三',876),('677563673.8209022','prcnmtur',5,'gcpyblmjtdr',NULL,'1',1514.71,83804,1,929,NULL,NULL,'张三',877),('936518915.1155059','vrp',1,'irogtxd',NULL,'1',9015.98,22969,1,555,NULL,NULL,'张三',878),('969655721.9441903','lp',1,'ccfg',NULL,'1',4052.56,49335,1,328,NULL,NULL,'张三',879),('506190102.0025893','jjkqtarow',6,'mgnqicmng',NULL,'1',8860.36,15372,1,220,NULL,NULL,'张三',880),('138403967.0596353','xa',5,'quylcpvp',NULL,'1',9455.78,61274,1,984,NULL,NULL,'张三',881),('566264576.9082687','ytbnxcevxumyyp',1,'xqctytuettulf',NULL,'1',4643.40,85113,1,130,NULL,NULL,'张三',882),('132556106.6997658','giuhapjwryp',5,'xlmwpomblfdoinx',NULL,'1',2538.82,3058,1,72,NULL,NULL,'张三',883),('282362377.2804344','yednqdbuv',5,'grptpelsqpvcidoxnao',NULL,'1',8718.37,93863,1,727,NULL,NULL,'张三',884),('147209994.5464106','ifcgg',4,'braxqmmjv',NULL,'1',9984.05,48566,1,762,NULL,NULL,'张三',885),('206508901.15855703','ehwrl',4,'q',NULL,'1',8196.42,2460,1,662,NULL,NULL,'张三',886),('66641056.43812957','ewphoshj',6,'wsqlwqdcwrrk',NULL,'1',4639.67,96772,1,128,NULL,NULL,'张三',887),('814007998.1602314','rhxarrhfcvthkv',2,'msfxympwqb',NULL,'1',6657.13,106,1,337,NULL,NULL,'张三',888),('917770728.986504','hoacjpysnsggtl',5,'tgiexvexobekyemvppp',NULL,'1',4340.64,32979,1,207,NULL,NULL,'张三',889),('953767390.8620191','pqaalrarqygnv',5,'bmjji',NULL,'1',7799.70,16049,1,821,NULL,NULL,'张三',890),('77918193.4651546','qb',5,'vfw',NULL,'1',8314.72,62128,1,97,NULL,NULL,'张三',891),('608987128.4890839','fcxww',4,'',NULL,'1',3710.83,69588,1,374,NULL,NULL,'张三',892),('884503181.5027992','rf',1,'bapohdywubbe',NULL,'1',6528.67,87858,1,537,NULL,NULL,'张三',893),('620985443.0567595','scskq',1,'pctfpuchpgto',NULL,'1',9178.54,8447,1,154,NULL,NULL,'张三',894),('736297460.344241','nvxinbulvuv',2,'deayssucpupbkx',NULL,'1',4734.72,33238,1,521,NULL,NULL,'张三',895),('821237184.3641346','osqcofixsjxirvl',2,'',NULL,'1',8308.25,8979,1,897,NULL,NULL,'张三',896),('303504634.26891184','xpfvpskqvyw',4,'tul',NULL,'1',735.59,21868,1,991,NULL,NULL,'张三',897),('901103239.9242901','uvqhwbbgvwkemmu',4,'jusckkugyvaoyc',NULL,'1',9043.05,83773,1,554,NULL,NULL,'张三',898),('703362945.4057678','slknpmmaibfcmjwhqxo',3,'gmwyxuiqfwgrstcn',NULL,'1',7775.39,400,1,899,NULL,NULL,'张三',899),('584023878.3630261','exfpcmqxjvdfxplafh',2,'clpeinobeeivrpcs',NULL,'1',1784.53,78085,1,312,NULL,NULL,'张三',900),('403212515.63880825','mfj',4,'yvwncsafwlu',NULL,'1',5789.49,82503,1,239,NULL,NULL,'张三',901),('463048399.5120839','l',1,'auurok',NULL,'1',7662.59,71310,1,826,NULL,NULL,'张三',902),('716273496.7978113','lvuay',2,'jnojrpiowxryrgl',NULL,'1',4345.90,9697,1,247,NULL,NULL,'张三',903),('642517083.6937559','dpb',5,'rbdwgoqtvwchc',NULL,'1',903.84,14037,1,402,NULL,NULL,'张三',904),('417099264.39027387','',1,'bl',NULL,'1',5854.91,43788,1,577,NULL,NULL,'张三',905),('944663822.3197352','rywqvd',5,'',NULL,'1',4770.35,75943,1,538,NULL,NULL,'张三',906),('662271137.6800988','gtjvslhxydar',3,'',NULL,'1',9411.19,49409,1,45,NULL,NULL,'张三',907),('481156759.4885301','',5,'pabbeepkjpfnvssq',NULL,'1',6537.74,1089,1,429,NULL,NULL,'张三',908),('823994691.2329768','oyxmicquvi',5,'ftbqhksvwmcel',NULL,'1',4396.14,71542,1,546,NULL,NULL,'张三',909),('370555684.9572338','nthfaqrb',2,'wlpvenmkvetcpuu',NULL,'1',9588.09,31613,1,645,NULL,NULL,'张三',910),('374564812.2137299','kevxcprsau',3,'',NULL,'1',5670.33,22893,1,179,NULL,NULL,'张三',911),('32875691.562480826','yinuncnxr',4,'tnxwcdjcik',NULL,'1',8825.14,80125,1,148,NULL,NULL,'张三',912),('771041518.4259157','wjwkbrkfhya',1,'gtjdqavkhugjsqgqpeo',NULL,'1',5320.60,38536,1,800,NULL,NULL,'张三',913),('992572851.6978467','jatdflbjq',2,'t',NULL,'1',3974.09,87463,1,656,NULL,NULL,'张三',914),('632896627.1025039','ngyfbllspmwdr',1,'k',NULL,'1',8019.51,31906,1,327,NULL,NULL,'张三',915),('355097171.23368686','vbnodrpkfv',5,'vickxdqmrl',NULL,'1',6884.62,73352,1,143,NULL,NULL,'张三',916),('959954717.2963431','ffrtxwaqonmeueenuer',1,'dpponcbqjrwvnunyo',NULL,'1',1162.25,56550,1,884,NULL,NULL,'张三',917),('926604993.0792278','svic',3,'wysbughf',NULL,'1',7472.63,70565,1,269,NULL,NULL,'张三',918),('860886196.9177791','edymkr',3,'g',NULL,'1',7156.76,84269,1,330,NULL,NULL,'张三',919),('361527271.18025994','p',2,'btbbyhrosfgyy',NULL,'1',5455.80,71585,1,887,NULL,NULL,'张三',920),('239168451.97877458','bflhsmqmtrhwpaxvatd',1,'wuxgwwhhtkksrit',NULL,'1',3174.79,2547,1,78,NULL,NULL,'张三',921),('241614369.8067742','ypadelgdag',1,'bg',NULL,'1',4381.33,23860,1,435,NULL,NULL,'张三',922),('177288501.38618845','uavyv',4,'fej',NULL,'1',4976.16,95338,1,228,NULL,NULL,'张三',923),('809113364.915351','cbuybvuug',6,'yrabdjcwgubuicyid',NULL,'1',1716.08,94156,1,310,NULL,NULL,'张三',924),('762619258.3620377','g',4,'bbijyfklnyxdpinpt',NULL,'1',2276.43,42093,1,604,NULL,NULL,'张三',925),('345291477.1647315','',6,'frngiokxewvdplcwr',NULL,'1',5852.95,13375,1,821,NULL,NULL,'张三',926),('779588898.6106877','tyrm',5,'q',NULL,'1',6753.36,73968,1,47,NULL,NULL,'张三',927),('256141395.76873717','dynjkplicwsia',4,'ujkdkbfv',NULL,'1',2950.53,84702,1,474,NULL,NULL,'张三',928),('850327530.0098907','swobh',5,'',NULL,'1',2923.16,94637,1,312,NULL,NULL,'张三',929),('605452512.029821','ipxmtnrnulxbqemhwvv',3,'daohugpit',NULL,'1',4511.26,34805,1,496,NULL,NULL,'张三',930),('115898977.49271604','vblrbel',5,'',NULL,'1',1539.66,70431,1,892,NULL,NULL,'张三',931),('630296725.0761942','cmbejdlliltfscqhvea',3,'',NULL,'1',9746.78,49913,1,132,NULL,NULL,'张三',932),('616603921.2993444','vuojsjaysd',6,'',NULL,'1',4184.33,42397,1,409,NULL,NULL,'张三',933),('147272451.06083497','fkgiu',2,'lsahnjts',NULL,'1',5085.91,26226,1,431,NULL,NULL,'张三',934),('934904692.5085615','gpdjdwbd',2,'xwdmwotfaosa',NULL,'1',2660.99,16218,1,583,NULL,NULL,'张三',935),('374614346.37453216','ktyysrx',1,'pssxoomjqoc',NULL,'1',9943.66,82828,1,586,NULL,NULL,'张三',936),('18621138.96223938','yskuimqskijdatsx',5,'fdyvn',NULL,'1',3554.46,57369,1,925,NULL,NULL,'张三',937),('673674067.11244','oepnceli',1,'w',NULL,'1',2159.10,10960,1,138,NULL,NULL,'张三',938),('93658845.36693992','',2,'bawtbxjmdfefsgkopc',NULL,'1',4758.62,3716,1,899,NULL,NULL,'张三',939),('874596137.559791','wm',4,'djmsuwjbmjippqv',NULL,'1',5681.08,37317,1,262,NULL,NULL,'张三',940),('221255521.67793804','petmyyrgysopu',6,'mk',NULL,'1',9357.07,9315,1,378,NULL,NULL,'张三',941),('969670580.601609','wymo',5,'vkiqgixfrtjeahh',NULL,'1',5267.31,52559,1,321,NULL,NULL,'张三',942),('949297709.0891067','jtpsnlxdqgnctyqb',4,'maaiekjg',NULL,'1',2412.34,37437,1,457,NULL,NULL,'张三',943),('11374280.182978813','maunsgpb',1,'mmuqa',NULL,'1',9580.70,36167,1,832,NULL,NULL,'张三',944),('73517071.56909226','tqqpqwxhagxiqhc',6,'kejouqlnt',NULL,'1',6981.61,21642,1,527,NULL,NULL,'张三',945),('471184997.3189034','oplh',4,'qnbrkqqquvvljclvycm',NULL,'1',2314.24,2374,1,934,NULL,NULL,'张三',946),('263301258.68374333','rurlqnemi',6,'kweaeutvnowsfdyv',NULL,'1',8052.65,37799,1,391,NULL,NULL,'张三',947),('233651630.18068525','oeumtlqqkxefk',3,'wtitmbv',NULL,'1',6330.81,1485,1,573,NULL,NULL,'张三',948),('47550813.96813654','pcqmcnqmfsmaolcfx',2,'fsujyep',NULL,'1',2641.26,61668,1,208,NULL,NULL,'张三',949),('904846711.2505211','ujybndpdv',5,'yimtnndkktdi',NULL,'1',4526.33,59370,1,459,NULL,NULL,'张三',950),('805705694.6506122','y',3,'ydfhwjcgxgpwkj',NULL,'1',3597.12,93392,1,299,NULL,NULL,'张三',951),('495251215.4308849','w',2,'mf',NULL,'1',2755.51,93141,1,850,NULL,NULL,'张三',952),('203105792.49255356','btqrjduychxiyn',4,'uugbibqsoldedrtwcgt',NULL,'1',5849.59,87053,1,953,NULL,NULL,'张三',953),('537492282.6982105','',3,'nvdqwfoa',NULL,'1',20.44,41610,1,498,NULL,NULL,'张三',954),('261715408.1151668','ghgcwyfam',5,'lqnyjlbnbdmidh',NULL,'1',1036.99,38235,1,352,NULL,NULL,'张三',955),('765458699.0290947','tcreesesksfltlll',2,'qosiqqddetxngmjhham',NULL,'1',2817.62,28550,1,288,NULL,NULL,'张三',956),('608532860.6639045','sjjglltxejfnwjf',6,'opdejabbkwbqfnaop',NULL,'1',8386.10,21036,1,545,NULL,NULL,'张三',957),('12573377.125950746','r',1,'ofpdlevwwrg',NULL,'1',8453.34,89232,1,35,NULL,NULL,'张三',958),('614451370.3369793','weual',1,'nktvdj',NULL,'1',2053.75,76731,1,79,NULL,NULL,'张三',959),('585943359.5793244','tjjpoljulob',1,'vfphjroqy',NULL,'1',3936.03,35321,1,217,NULL,NULL,'张三',960),('173785997.01778296','lbqqwfljxxxhxhkg',6,'er',NULL,'1',3155.47,95634,1,657,NULL,NULL,'张三',961),('95402233.34666476','qhtebqqjuwyenmhws',5,'danvbfslbnuwbsv',NULL,'1',6185.77,79830,1,808,NULL,NULL,'张三',962),('905111169.3169526','jggufqeqkrn',2,'h',NULL,'1',5661.25,90807,1,92,NULL,NULL,'张三',963),('320894334.8438512','adbnyulrageunppchjn',5,'tvbchipflhoytmegjr',NULL,'1',7492.75,57159,1,440,NULL,NULL,'张三',964),('31565995.62322393','ayebmeptmiial',4,'yiqdppaeicfvxotuu',NULL,'1',1042.69,84080,1,499,NULL,NULL,'张三',965),('900140725.7557522','dusvtubdxevrmpm',4,'duckuposlb',NULL,'1',9919.02,38732,1,295,NULL,NULL,'张三',966),('155605691.49563453','prrkhj',5,'n',NULL,'1',5847.69,41224,1,925,NULL,NULL,'张三',967),('326110789.59212315','jqgjgylcqjtfiwvesmg',5,'aoxbqtaeuhtgypdfd',NULL,'1',9461.26,92854,1,249,NULL,NULL,'张三',968),('439659650.9281635','djiklg',5,'sswwvbvuopspyhwpf',NULL,'1',7625.88,41531,1,697,NULL,NULL,'张三',969),('328666521.5879749','waptitfmd',5,'rrtdvfkjuqcsu',NULL,'1',6850.23,69023,1,741,NULL,NULL,'张三',970),('278776104.68089074','grqkksqdldsp',3,'grghafa',NULL,'1',8232.52,18053,1,246,NULL,NULL,'张三',971),('248136155.04265407','njlybpwfxobqc',4,'vhygodkhkgkljoi',NULL,'1',6706.97,98321,1,848,NULL,NULL,'张三',972),('670691234.7154045','nojxpkth',6,'fuigslqumxgus',NULL,'1',4430.97,86469,1,724,NULL,NULL,'张三',973),('514925583.35313886','qpxlnwaxhardr',5,'aakvykoh',NULL,'1',1042.44,9038,1,495,NULL,NULL,'张三',974),('997583889.0884548','g',3,'lxcil',NULL,'1',5856.99,4035,1,927,NULL,NULL,'张三',975),('56127824.716536105','lveowkcwqtqsfcvna',1,'',NULL,'1',692.41,22348,1,36,NULL,NULL,'张三',976),('504917748.1154425','vlqdtagjdbguqomm',4,'cfjraaul',NULL,'1',1297.21,84198,1,810,NULL,NULL,'张三',977),('38107294.02515123','cddvcbjcd',5,'mqtoplvtuqh',NULL,'1',8918.90,48579,1,698,NULL,NULL,'张三',978),('147205963.2060635','pr',5,'xijqlacahvfj',NULL,'1',9393.25,88867,1,815,NULL,NULL,'张三',979),('207005886.81123054','qntrctfoo',5,'litb',NULL,'1',3063.61,78070,1,96,NULL,NULL,'张三',980),('747362694.1891767','',6,'ybvisgwimfkmwthsbc',NULL,'1',7369.57,38495,1,667,NULL,NULL,'张三',981),('543955268.2999663','rwsvqvjgbswioqg',3,'mlpvxnuwgbvdiwys',NULL,'1',1566.09,99295,1,988,NULL,NULL,'张三',982),('242755685.24060386','vccchccwtjbwsbuqebn',4,'uuwnpbpkjutmjle',NULL,'1',6285.01,12355,1,630,NULL,NULL,'张三',983),('548525331.5797751','ix',1,'sfthyccq',NULL,'1',6901.02,74173,1,277,NULL,NULL,'张三',984),('652497996.4018463','uffuhpc',6,'nmqlaqgftvjebytty',NULL,'1',8244.00,57703,1,298,NULL,NULL,'张三',985),('195752473.8240175','migdne',6,'iavxivwmddulhvtod',NULL,'1',7868.17,19429,1,480,NULL,NULL,'张三',986),('860389930.875499','vs',4,'tmoivqwvwvf',NULL,'1',6624.12,20000,1,76,NULL,NULL,'张三',987),('175268346.07016116','nmkfkulksa',3,'gpooosr',NULL,'1',3287.41,42388,1,198,NULL,NULL,'张三',988),('257846907.10404345','cjjssihkompa',3,'qhsehbpvivkprrylwfl',NULL,'1',5863.90,37454,1,848,NULL,NULL,'张三',989),('64997317.21394464','kkvwhffgahrjnarbj',3,'',NULL,'1',395.50,38549,1,733,NULL,NULL,'张三',990),('200851004.23166513','jvairwevfylgplluh',4,'vvjptstmls',NULL,'1',920.97,85725,1,119,NULL,NULL,'张三',991),('469154324.34962565','j',2,'wgdgxfslqcsmxalnl',NULL,'1',5276.72,1119,1,764,NULL,NULL,'张三',992),('402295809.68922687','ldra',5,'gavuw',NULL,'1',5900.52,93700,1,737,NULL,NULL,'张三',993),('166512561.02854818','ooladhomrobv',6,'w',NULL,'1',5433.28,13933,1,797,NULL,NULL,'张三',994),('182031977.05701047','xvdwajtxbdrtr',4,'ificskdry',NULL,'1',6342.21,93288,1,396,NULL,NULL,'张三',995),('978917329.0843172','syornovrqj',2,'yvufwdcmantx',NULL,'1',342.04,88836,1,910,NULL,NULL,'张三',996),('635565769.602087','dee',5,'xxfosypkc',NULL,'1',4547.77,86862,1,295,NULL,NULL,'张三',997),('343706232.0969566','',2,'ljctfjyt',NULL,'1',9561.41,76905,1,720,NULL,NULL,'张三',998),('540942205.9355234','kjktggoyogw',1,'awvvjnml',NULL,'1',3468.45,70380,1,883,NULL,NULL,'张三',999),('622101839.0024927','geywuvyisdonftqcpgv',1,'fneufutfrxjrfwbd',NULL,'1',7937.67,85375,1,585,NULL,NULL,'张三',1000),('312209705.15353453','qeky',4,'mevk',NULL,'1',2921.24,665,1,722,NULL,NULL,'张三',1001),('616930242.4335247','jgqhutu',6,'ssyvdjfmmv',NULL,'1',7784.58,94740,1,65,NULL,NULL,'张三',1002),('','qw',NULL,'',NULL,NULL,0.00,0,1,NULL,'2016-08-26',NULL,NULL,1003),('','计算机技术',NULL,'',NULL,NULL,0.00,0,1,NULL,'2016-08-26',NULL,NULL,1004),('','艺术设计',NULL,'',NULL,NULL,0.00,0,1,NULL,'2016-08-26',NULL,NULL,1005),('','java ee框架',NULL,'',NULL,NULL,0.00,0,1,NULL,'2016-08-26',NULL,NULL,1006),('','my sql数据库',NULL,'',NULL,NULL,0.00,0,1,NULL,'2016-08-26',NULL,NULL,1007),('','java web技术',NULL,'',NULL,NULL,0.00,0,1,NULL,'2016-08-26',NULL,NULL,1008),('','java web技术',NULL,'',NULL,NULL,0.00,0,1,NULL,'2016-08-26',NULL,NULL,1009),('','茶经',NULL,'',NULL,NULL,0.00,0,1,NULL,'2016-08-26',NULL,NULL,1010),('','茶叶',NULL,'',NULL,NULL,0.00,0,1,NULL,'2016-08-26',NULL,NULL,1011),('242115833.66703036','qor',6,'qqiks',NULL,'1',7327.47,72865,1,789,NULL,NULL,'??',1012),('788483676.6763347','nuyqjrenvecsij',3,'ndcgiak',NULL,'1',9514.88,52093,1,148,NULL,NULL,'??',1013),('406502284.2386603','pbsefwmqisuam',4,'jrqird',NULL,'1',9685.35,76088,1,855,NULL,NULL,'??',1014),('541745942.7230923','ujgflk',5,'wtkgxhovqxcytlt',NULL,'1',109.05,45893,1,19,NULL,NULL,'??',1015),('312615225.71274734','',6,'hmrjvm',NULL,'1',3513.40,92920,1,934,NULL,NULL,'??',1016),('545552871.1934282','buoolfcts',1,'nnueyhjxvrsl',NULL,'1',6257.55,28512,1,124,NULL,NULL,'??',1017),('935678906.5032892','ydmintuler',2,'dbndrqagxwtp',NULL,'1',5583.10,38614,1,85,NULL,NULL,'??',1018),('41058472.00693224','ulyufhsehf',4,'hmeupiblkhf',NULL,'1',2448.28,89249,1,947,NULL,NULL,'??',1019),('485072454.80446494','bchtqrmxhgigchjdr',5,'yxyla',NULL,'1',3130.91,62936,1,884,NULL,NULL,'??',1020),('520655108.5038962','nqiolljcpkhuasmuv',4,'j',NULL,'1',4405.55,33659,1,732,NULL,NULL,'??',1021),('543953028.3131119','wypmdkkpnqakkvauija',2,'a',NULL,'1',8547.34,32611,1,764,NULL,NULL,'??',1022),('846246192.8609166','rhfcklic',1,'bxxpxdqbh',NULL,'1',2136.17,91394,1,440,NULL,NULL,'??',1023),('428192135.7351486','mgvldmitta',3,'mgccdujmsktj',NULL,'1',2196.16,88319,1,537,NULL,NULL,'??',1024),('128119797.40319091','xrlbbnriquhi',3,'dvvdgsgvu',NULL,'1',3918.66,39478,1,682,NULL,NULL,'??',1025),('448572683.3286404','trs',4,'nkrvjmt',NULL,'1',5572.49,93791,1,603,NULL,NULL,'??',1026),('951379883.341488','xpnuqnkqq',4,'dhqrxups',NULL,'1',8645.19,62543,1,131,NULL,NULL,'??',1027),('698736213.0574216','jjmlisevtbccch',2,'orushgbdqij',NULL,'1',9137.35,22731,1,947,NULL,NULL,'??',1028),('224487820.33115166','thqjgfqspjmbua',5,'',NULL,'1',8342.75,72395,1,755,NULL,NULL,'??',1029),('908731390.3814075','opfyeimeh',4,'gspokgi',NULL,'1',6869.33,13735,1,862,NULL,NULL,'??',1030),('804262171.6826161','kvcbbhvmohmodsaayxk',6,'wtdqwpamkdxhkqjqb',NULL,'1',9238.53,66561,1,674,NULL,NULL,'??',1031),('996487782.6425922','lprgtaesqhqunvyhscl',2,'',NULL,'1',3954.56,72679,1,640,NULL,NULL,'??',1032),('515280335.15281945','cgptnvchmyppgwvhbqd',6,'nidyiyfue',NULL,'1',4577.26,59880,1,215,NULL,NULL,'??',1033),('366533886.05831736','ifrs',1,'vrgncijstfocqpkoe',NULL,'1',6979.91,45196,1,870,NULL,NULL,'??',1034),('198750492.78235835','dfirv',3,'qmcedu',NULL,'1',8757.42,98317,1,579,NULL,NULL,'??',1035),('99338205.82088082','uhtecfqpkwkdm',1,'nvdrkmprvqljmwbk',NULL,'1',2666.39,93240,1,908,NULL,NULL,'??',1036),('794425590.6673867','',5,'ibvu',NULL,'1',2973.39,91318,1,509,NULL,NULL,'??',1037),('751437997.1174159','ecnswp',1,'kfsstxxaxgholimtdy',NULL,'1',2527.53,33926,1,896,NULL,NULL,'??',1038),('54990316.37059748','hlwqpjbdr',1,'vqhgrxhvijeepucbohu',NULL,'1',2207.10,42340,1,143,NULL,NULL,'??',1039),('54821976.06899375','b',2,'gskytiqwvcs',NULL,'1',6090.23,75783,1,843,NULL,NULL,'??',1040),('519669988.9037694','eoeioyavrcmqmvl',4,'uario',NULL,'1',1412.03,38718,1,270,NULL,NULL,'??',1041),('825766518.6082991','qsorahiput',4,'daxudgmjjsdpkiv',NULL,'1',4481.88,77522,1,883,NULL,NULL,'??',1042),('614810174.761404','f',3,'rbkmrbcbanwwvbgvd',NULL,'1',1412.33,86447,1,160,NULL,NULL,'??',1043),('533525470.5635929','wisvfihdyqijbbj',4,'uuocipc',NULL,'1',2559.70,63002,1,426,NULL,NULL,'??',1044),('814213711.720131','pkp',3,'qtkwnlqhqt',NULL,'1',8270.19,55479,1,752,NULL,NULL,'??',1045),('356109487.1440119','xqivtgxbkkxmedv',1,'oloq',NULL,'1',407.04,29074,1,313,NULL,NULL,'??',1046),('369570192.43255085','t',4,'lfm',NULL,'1',1554.57,82073,1,885,NULL,NULL,'??',1047),('985147112.3405142','htskfgtwmb',5,'exllfuug',NULL,'1',1302.18,51668,1,50,NULL,NULL,'??',1048),('227975709.02995646','gvqkqddyq',3,'dgkjucfqjn',NULL,'1',9506.91,59872,1,590,NULL,NULL,'??',1049),('708914325.3294089','crfiintdochcojf',1,'uapfrpppdoqqj',NULL,'1',1310.68,21335,1,3,NULL,NULL,'??',1050),('984044265.9447519','tynmpqlcxvg',4,'sphhpivifwsgakbsvct',NULL,'1',2006.51,26749,1,745,NULL,NULL,'??',1051),('379587985.62112117','',2,'onnsyytntuaf',NULL,'1',6880.49,59251,1,233,NULL,NULL,'??',1052),('491306439.62912166','llxxvvbdoxfnogiipun',6,'o',NULL,'1',4484.46,13854,1,223,NULL,NULL,'??',1053),('188287090.44609827','kajk',5,'qxriafmxavt',NULL,'1',8425.46,85622,1,188,NULL,NULL,'??',1054),('582455189.8034861','elahtih',4,'shjsnb',NULL,'1',8545.38,93457,1,376,NULL,NULL,'??',1055),('863303825.5075407','akbkfnsciymvqqn',3,'wcdueh',NULL,'1',5347.52,36885,1,156,NULL,NULL,'??',1056),('49631281.0384818','xjiavxhvgdplrrkbkli',6,'bmaiwphqbbthvyafqyi',NULL,'1',3587.90,27494,1,392,NULL,NULL,'??',1057),('21571529.050072648','yfocq',5,'iwbk',NULL,'1',755.26,46566,1,916,NULL,NULL,'??',1059),('615250545.3299047','bwwkxtq',5,'nmrgnhrt',NULL,'1',9568.70,8151,1,839,NULL,NULL,'??',1060),('379421029.95269877','hunmuiqxngjqckf',6,'gnplynyge',NULL,'1',8215.73,54513,1,889,NULL,NULL,'??',1061),('737970142.6000261','dweqrtcenppedvo',2,'pwfrvvumgpl',NULL,'1',2248.51,11945,1,685,NULL,NULL,'??',1062),('190813129.40783203','ggjxvyqj',3,'ga',NULL,'1',9219.62,64590,1,861,NULL,NULL,'??',1063),('547107068.8289224','kieohxixfgobxqx',2,'ggvfwaebgpvxr',NULL,'1',4536.76,711,1,475,NULL,NULL,'??',1064),('954050545.565561','',4,'lmftdrnbsbipraxqdab',NULL,'1',286.83,95353,1,92,NULL,NULL,'??',1065),('47797884.49010203','',3,'jajqwuxhmqjdn',NULL,'1',3189.55,92999,1,981,NULL,NULL,'??',1066),('950602600.6974536','wilvuphjobx',1,'',NULL,'1',1958.44,36229,1,452,NULL,NULL,'??',1067),('259061006.36103046','qssdbbvkkbxmd',6,'tc',NULL,'1',3434.64,16096,1,421,NULL,NULL,'??',1068),('252520243.16117948','ktpq',3,'enqhxpsnuccucrndr',NULL,'1',4043.45,90659,1,935,NULL,NULL,'??',1069),('826986378.0614275','bpetaxdyqrufwecij',1,'uojulq',NULL,'1',6705.51,60172,1,463,NULL,NULL,'??',1070),('47737708.467856966','gcuuwsaungwxiosqp',3,'kpougykdu',NULL,'1',8480.99,7934,1,284,NULL,NULL,'??',1071),('835294073.2757291','vwdvyotslligrqjnjlq',2,'yuoah',NULL,'1',1696.55,51760,1,863,NULL,NULL,'??',1072),('384679404.442269','unfknlbimre',4,'tmy',NULL,'1',7627.40,70216,1,609,NULL,NULL,'??',1073),('372057145.3214222','mojibwaqk',3,'',NULL,'1',5632.00,80251,1,874,NULL,NULL,'??',1074),('230349920.49799564','kekajvnavpdkajulg',3,'pehqesgqlhimrol',NULL,'1',2803.08,38729,1,761,NULL,NULL,'??',1075),('642405735.2854439','sgtxyojcwojbvrquhnh',4,'ka',NULL,'1',9374.02,49001,1,983,NULL,NULL,'??',1076),('743504254.9427233','msfryoediusbcrkgqoc',5,'ikfcucqp',NULL,'1',5666.26,20115,1,717,NULL,NULL,'??',1077),('400309852.1009583','mh',5,'babdryf',NULL,'1',4412.42,31652,1,658,NULL,NULL,'??',1078),('825052416.9245368','ptoyomjqjufksgrb',1,'vuce',NULL,'1',3819.16,61023,1,84,NULL,NULL,'??',1079),('279365335.32387286','bdmqyt',6,'rarkvscna',NULL,'1',1732.62,90453,1,750,NULL,NULL,'??',1080),('588147914.5767121','qwirdaxbhggng',1,'rsm',NULL,'1',6928.86,44324,1,591,NULL,NULL,'??',1081),('257297366.64907542','anldcduwvuodgb',1,'mjyqikopwiy',NULL,'1',2684.21,73283,1,628,NULL,NULL,'??',1082),('235170768.1583224','taxoxowrocpmkabeth',3,'tucm',NULL,'1',2523.05,54917,1,690,NULL,NULL,'??',1083),('219184000.0984433','',6,'qndfcropwbhtnjfnmm',NULL,'1',4187.00,11558,1,124,NULL,NULL,'??',1084),('610893237.6780441','dwtcxbyrwbowu',5,'inn',NULL,'1',2993.86,25819,1,172,NULL,NULL,'??',1085),('70857866.2433852','x',3,'axv',NULL,'1',4610.46,24282,1,335,NULL,NULL,'??',1086),('171487905.41119018','ibtf',2,'dmwmkvwqvlwcx',NULL,'1',736.80,17739,1,436,NULL,NULL,'??',1087),('480350013.5476366','klngfylqutduygcimw',4,'bh',NULL,'1',425.74,21795,1,531,NULL,NULL,'??',1088),('346803790.02568865','umxljqhsyakcyikul',5,'qolfm',NULL,'1',4822.58,37069,1,199,NULL,NULL,'??',1089),('428516879.1117143','hssqsiqlmcdrxddm',3,'ptrqkwatcqadrsxsi',NULL,'1',6016.32,43811,1,769,NULL,NULL,'??',1090),('935724383.4533898','onmdtljyco',1,'iksynuxcysoeiauwh',NULL,'1',5236.13,50568,1,384,NULL,NULL,'??',1091),('870172023.9764808','rj',4,'ubfkshqwdqotwxefxxi',NULL,'1',1884.30,53400,1,977,NULL,NULL,'??',1092),('746782047.0783819','pfkevwmc',4,'frqwdlxse',NULL,'1',4137.10,9939,1,430,NULL,NULL,'??',1093),('937298171.4826112','c',5,'cnq',NULL,'1',7727.86,4876,1,567,NULL,NULL,'??',1094),('742014116.7710419','nhserbrr',4,'aeggqebwi',NULL,'1',4451.68,88997,1,710,NULL,NULL,'??',1095),('952526729.8212541','xfifgnamuftimnst',5,'kcodqmqegdarcybq',NULL,'1',2593.58,67915,1,23,NULL,NULL,'??',1096),('352908368.13328975','lgrmmvipsp',1,'lawvjhqarwqlhtmmonm',NULL,'1',5576.81,50921,1,289,NULL,NULL,'??',1097),('713459854.2574332','kbubddyterffrcerdaa',3,'m',NULL,'1',1411.20,1517,1,395,NULL,NULL,'??',1098),('882924400.965012','pruywxedekxvvlp',4,'nmpygaims',NULL,'1',2278.69,76638,1,126,NULL,NULL,'??',1099),('909108540.8516618','tmws',6,'wo',NULL,'1',5862.94,54129,1,180,NULL,NULL,'??',1100),('289347870.56115896','tjgdxrliyqkgvg',4,'wrgiqbndt',NULL,'1',3741.33,79145,1,607,NULL,NULL,'??',1101),('444397682.5670406','txuhynvttgkg',3,'qtinomaqhqmaqmfd',NULL,'1',3672.79,14807,1,517,NULL,NULL,'??',1102),('524108526.6374852','vqrjbt',3,'xmtkgtjmvg',NULL,'1',4944.13,16649,1,228,NULL,NULL,'??',1103),('886131326.003942','utaxhyejwarnvh',4,'cocpcviiqlmys',NULL,'1',8251.13,44818,1,958,NULL,NULL,'??',1104),('712776605.978661','bapdfawhypbar',1,'b',NULL,'1',6425.09,71707,1,127,NULL,NULL,'??',1105),('165934905.12614718','woowsxptrngbgjgrvqg',6,'newoptibr',NULL,'1',5207.02,89701,1,877,NULL,NULL,'??',1106),('45468133.232037246','lpxsiygp',4,'mslmrtncnyddfxurwo',NULL,'1',2358.41,39027,1,319,NULL,NULL,'??',1107),('247532489.1205789','stghsbkwesokft',3,'tmympkjibwolsqdqwyl',NULL,'1',1834.64,64161,1,934,NULL,NULL,'??',1108),('453192710.94198555','llomhymmwho',3,'',NULL,'1',1608.55,23653,1,21,NULL,NULL,'??',1109),('305443910.57265353','vsybjaonvdmioqovtx',6,'olnqsvqmshtxjgehnnu',NULL,'1',4365.14,42099,1,188,NULL,NULL,'??',1110),('136741574.10020283','fpqgvjij',5,'rgw',NULL,'1',4920.08,89453,1,594,NULL,NULL,'??',1111),('391082683.67423636','odpprrodaqgbmwym',3,'apwmfrpqci',NULL,'1',7902.72,92813,1,698,NULL,NULL,'??',1112),('319142006.54818434','xspjcdav',6,'hrnimjitgj',NULL,'1',1093.38,68302,1,978,NULL,NULL,'??',1113),('854722101.3949622','hryshyrevsrrybj',4,'hboqirdyx',NULL,'1',8670.19,23376,1,625,NULL,NULL,'??',1114),('301723584.0323015','nwvfqdjjnvbybgvitt',3,'vvtuqegwsdjusg',NULL,'1',345.31,79205,1,59,NULL,NULL,'??',1115),('425404660.7211318','mpprcmkqkxjyaw',1,'rcgcowlwre',NULL,'1',3889.54,3338,1,492,NULL,NULL,'??',1116),('940801331.0494419','xamdlvv',1,'blerwxnancylecs',NULL,'1',8053.49,57596,1,318,NULL,NULL,'??',1117),('756270414.1134156','hqfawlu',1,'csofa',NULL,'1',3515.01,18188,1,719,NULL,NULL,'??',1118),('27860695.0311453','agkomkjwtuxikgggw',4,'oiqc',NULL,'1',2760.10,34923,1,165,NULL,NULL,'??',1119),('53757703.303617954','havluqudtuyvakigx',1,'yynfawgr',NULL,'1',598.20,75050,1,644,NULL,NULL,'??',1120),('80027988.72023752','dtpc',6,'egvmntxjckbhkloe',NULL,'1',9221.45,71828,1,206,NULL,NULL,'??',1121),('712599813.0575148','bdhspognpbmsla',2,'leinkbdnwcihwbh',NULL,'1',4556.38,40494,1,953,NULL,NULL,'??',1122),('636755762.6951938','acpwumude',6,'ppqt',NULL,'1',8021.39,51999,1,955,NULL,NULL,'??',1123),('464544068.55383766','hscgoyrevkeojgw',4,'paqkhgabxvnadjt',NULL,'1',8578.13,44269,1,671,NULL,NULL,'??',1124),('48396167.762856714','vxlh',4,'coltjwadcbhw',NULL,'1',4939.06,13305,1,254,NULL,NULL,'??',1125),('660417588.1651015','nmbqwowlod',6,'',NULL,'1',9155.71,22550,1,379,NULL,NULL,'??',1126),('746154150.8522341','vowluy',1,'wbyssxshswtxtkcqqk',NULL,'1',5024.74,85893,1,453,NULL,NULL,'??',1127),('888847079.4265006','hodhhthiuiyqpbj',1,'veotbjrojjxpnnxhpc',NULL,'1',886.26,83643,1,46,NULL,NULL,'??',1128),('242406846.34694764','ifenpnkhsdkamcq',5,'',NULL,'1',1873.71,39420,1,727,NULL,NULL,'??',1129),('90022040.37433259','ksytgixhbpdjp',4,'djuqldccnmlliqfjrv',NULL,'1',2617.45,62021,1,299,NULL,NULL,'??',1130),('345273292.9236747','rqvplutcbkrshn',6,'ikr',NULL,'1',2609.17,11888,1,127,NULL,NULL,'??',1131),('751910678.1179315','mvr',3,'dghhmdv',NULL,'1',4394.20,32338,1,189,NULL,NULL,'??',1132),('829470623.3904641','ytcuuvgltbdtm',6,'tmkbfibrxvqebs',NULL,'1',3836.39,7090,1,103,NULL,NULL,'??',1133),('234959800.27951625','ljsmoelmhwxoqadi',2,'',NULL,'1',6939.10,3399,1,653,NULL,NULL,'??',1134),('712875849.2519501','nnmboesdnjy',4,'ogdh',NULL,'1',5586.38,45620,1,519,NULL,NULL,'??',1135),('18322722.32740684','flhxngwceitl',5,'tbklksd',NULL,'1',3297.72,17817,1,161,NULL,NULL,'??',1136),('298927534.84961754','chngtxx',6,'wrqyjydlkq',NULL,'1',5834.84,32653,1,946,NULL,NULL,'??',1137),('907978277.3645481','oalxyjbwhvmijomyed',6,'yrjmhyqanueplnuodc',NULL,'1',3312.13,81566,1,339,NULL,NULL,'??',1138),('791276790.1670316','ffsnxvfki',3,'ryvyigmqsqngksljbo',NULL,'1',1399.52,44125,1,563,NULL,NULL,'??',1139),('409765482.4055954','eurhnhvvu',1,'oj',NULL,'1',6541.53,19351,1,952,NULL,NULL,'??',1140),('929281773.5015874','txkr',1,'vqjaqlnno',NULL,'1',5254.90,19078,1,955,NULL,NULL,'??',1141),('416530349.62738425','jtuamujg',2,'mahnivcqkdvyqm',NULL,'1',4701.06,47658,1,65,NULL,NULL,'??',1142),('169512446.49022412','gygvuu',5,'ourucjdfpsvalimcs',NULL,'1',958.10,262,1,648,NULL,NULL,'??',1143),('659548321.2413766','mudgoqjjrwct',1,'bktkbnrfdcgvbk',NULL,'1',5491.40,23531,1,974,NULL,NULL,'??',1144),('215993512.56862575','afbyrpnmgysaogfexmb',5,'snoh',NULL,'1',1885.52,65697,1,522,NULL,NULL,'??',1145),('554566544.2242717','',5,'ogdgxkpn',NULL,'1',1478.25,30244,1,742,NULL,NULL,'??',1146),('525190053.17727506','ckl',4,'brhauipea',NULL,'1',3299.02,2019,1,260,NULL,NULL,'??',1147),('859739334.9566215','draknviiegib',4,'txkao',NULL,'1',9367.31,12758,1,576,NULL,NULL,'??',1148),('953583683.0633942','hwpnjdmarwnyix',6,'rxmbgmwqhof',NULL,'1',5387.50,54707,1,366,NULL,NULL,'??',1149),('137075534.3183715','whikmcbqwk',4,'',NULL,'1',1304.94,58412,1,627,NULL,NULL,'??',1150),('227074024.65633798','uabytapsjmcw',5,'yu',NULL,'1',3889.61,52548,1,868,NULL,NULL,'??',1151),('254564160.35875073','hcctdbuxorvdipyj',5,'uabjfbuwvwswambc',NULL,'1',3695.68,9042,1,941,NULL,NULL,'??',1152),('971472046.6478322','',6,'wxepcuhnesxsgskb',NULL,'1',4753.53,3286,1,598,NULL,NULL,'??',1153),('919811002.6426076','ubkkvey',5,'cebjwbpgwoqc',NULL,'1',4224.36,87508,1,605,NULL,NULL,'??',1154),('809255461.8340753','qcsicdirvqlhjssmcb',1,'hpuhukloumgtgtkom',NULL,'1',617.20,36708,1,813,NULL,NULL,'??',1155),('537841587.1720709','qofaydho',3,'imavdqrebhryyj',NULL,'1',1344.92,67413,1,767,NULL,NULL,'??',1156),('484882824.48128283','twheuukixij',5,'',NULL,'1',9316.49,80440,1,118,NULL,NULL,'??',1157),('28868803.24761254','daykvjjfvwbgwtdbgwt',1,'krqubpojtedlu',NULL,'1',5270.76,23030,1,71,NULL,NULL,'??',1158),('192789521.76054242','hvc',1,'d',NULL,'1',9800.83,75476,1,100,NULL,NULL,'??',1159),('822577555.9705054','mlakslcd',6,'uejarcevwurdlpxhr',NULL,'1',6578.28,75849,1,450,NULL,NULL,'??',1160),('640315994.6274551','emsnwq',6,'ivixssut',NULL,'1',4935.71,13576,1,336,NULL,NULL,'??',1161),('213255631.3162264','yxnmipjyqtqs',4,'dtgsuajggoqcrikflrs',NULL,'1',9798.44,33631,1,819,NULL,NULL,'??',1162),('851974828.0368197','ycjlehxgrwphawvcwl',6,'vbjkpqhk',NULL,'1',6913.94,30740,1,397,NULL,NULL,'??',1163),('967440116.152585','seullv',2,'pjejvxyqkoseve',NULL,'1',9988.98,71825,1,365,NULL,NULL,'??',1164),('109496752.14054689','',5,'nbui',NULL,'1',2125.25,51283,1,69,NULL,NULL,'??',1165),('328316493.9840442','waatblg',1,'rafqpbnfda',NULL,'1',1197.94,80183,1,241,NULL,NULL,'??',1166),('599988215.474681','qsl',3,'ievscsxtelccsixg',NULL,'1',3123.27,9864,1,10,NULL,NULL,'??',1167),('867690182.5074736','rkdcsuivwfyidol',3,'uk',NULL,'1',6177.28,29484,1,972,NULL,NULL,'??',1168),('516379523.6795142','wiskxyengukkgio',4,'gmda',NULL,'1',5085.78,5967,1,888,NULL,NULL,'??',1169),('458864861.5434149','leptyt',5,'holjlhyptyovhww',NULL,'1',6691.68,64545,1,908,NULL,NULL,'??',1170),('302376756.4725611','ovmqcxecofxwmdoc',5,'sxkjontxigeqhvta',NULL,'1',9227.39,71795,1,303,NULL,NULL,'??',1171),('647243692.302369','lebqxgdrmaapy',1,'qlrouqcfabtvtble',NULL,'1',6585.47,5843,1,145,NULL,NULL,'??',1172),('68697042.76063693','gwuqmfldqqqys',4,'omonjlxrixpxid',NULL,'1',1861.19,72685,1,329,NULL,NULL,'??',1173),('998086349.016754','yrwukdfvetanbherup',3,'ipfbrwtncr',NULL,'1',4489.54,18936,1,306,NULL,NULL,'??',1174),('616948490.5565931','joikyxfv',3,'mkwilbfgi',NULL,'1',3119.52,54585,1,835,NULL,NULL,'??',1175),('423893246.02769727','opore',3,'uhg',NULL,'1',7026.04,59593,1,94,NULL,NULL,'??',1176),('8708875.51735311','hsjjoorw',5,'hkvblefmrrd',NULL,'1',6163.65,8973,1,152,NULL,NULL,'??',1177),('811762702.3525826','dqxagopcjynt',3,'vxadjchpqmfwubsj',NULL,'1',4735.00,14748,1,86,NULL,NULL,'??',1178),('804892142.0380508','uhuaryhv',4,'sxaotop',NULL,'1',5502.67,27891,1,456,NULL,NULL,'??',1179),('461317922.78721094','xejpuwgfg',1,'dvwafdylh',NULL,'1',3119.77,71748,1,701,NULL,NULL,'??',1180),('397218185.1508869','oetyatvebtwlk',5,'xovpqlvmctahxpslj',NULL,'1',795.16,64394,1,254,NULL,NULL,'??',1181),('337090021.3020045','bbeuchsxfbccfihqksn',5,'xpalfpgawuljije',NULL,'1',7385.56,68142,1,680,NULL,NULL,'??',1182),('760495183.3230001','rcqb',2,'ksonllmf',NULL,'1',1251.24,23309,1,764,NULL,NULL,'??',1183),('69362212.48949759','atu',2,'aie',NULL,'1',7104.97,3761,1,903,NULL,NULL,'??',1184),('300589437.74765956','ygrklaeivxup',3,'ovepcyysnwftngbvaj',NULL,'1',1041.35,68216,1,941,NULL,NULL,'??',1185),('91341411.50833775','rujnyeqhvbrscvwh',4,'vscuapnbjyhmipabd',NULL,'1',2446.24,58973,1,573,NULL,NULL,'??',1186),('665618644.657787','hrnfxicanbebpjdj',3,'tdeaeo',NULL,'1',541.71,10373,1,595,NULL,NULL,'??',1187),('568166398.0903927','xdqosfd',5,'efjgphodfrk',NULL,'1',6285.27,25679,1,4,NULL,NULL,'??',1188),('662413346.722642','jokyhcjoyrfauuwlbd',5,'gnwjrsodhjihyvm',NULL,'1',3922.71,18857,1,1,NULL,NULL,'??',1189),('597850753.9765574','mvculyjvbe',4,'vpqjhptf',NULL,'1',1813.39,59315,1,792,NULL,NULL,'??',1190),('90126502.23765329','htvopclsnmmcr',5,'gxadjuxb',NULL,'1',4665.96,66583,1,655,NULL,NULL,'??',1191),('992081967.4081231','uufmbhyihkfp',3,'dflavwwabicbjydj',NULL,'1',6752.85,34538,1,424,NULL,NULL,'??',1192),('9630579.873787016','bi',5,'ywthbawgown',NULL,'1',5760.92,69617,1,416,NULL,NULL,'??',1193),('175271115.19024286','nmmpe',3,'lcjggtqfqrbbhmfep',NULL,'1',7385.71,88331,1,425,NULL,NULL,'??',1194),('930755596.9129189','mncenm',2,'spr',NULL,'1',6294.53,36041,1,46,NULL,NULL,'??',1195),('975907793.4671181','wvj',1,'eqtqjjibhsscpjuu',NULL,'1',5955.60,61372,1,458,NULL,NULL,'??',1196),('667338320.36704','o',4,'eljypcltbhlqhj',NULL,'1',6152.50,71728,1,620,NULL,NULL,'??',1197),('380787676.1479598','wvrfnecjghvkpmb',1,'lmsndxnyy',NULL,'1',7063.00,71211,1,106,NULL,NULL,'??',1198),('308452361.87183064','',5,'audxei',NULL,'1',2872.86,83082,1,143,NULL,NULL,'??',1199),('438833778.957439','gaowoy',2,'qqaylmphgny',NULL,'1',4170.58,34122,1,61,NULL,NULL,'??',1200),('337169149.64034426','jvrcnp',6,'vbbapjpl',NULL,'1',1139.60,17871,1,900,NULL,NULL,'??',1201),('148941544.446069','rbwepwos',6,'qbggfvgyaef',NULL,'1',8777.99,81616,1,403,NULL,NULL,'??',1202),('427990654.6095169','vrg',4,'qdrbdjint',NULL,'1',4812.21,24726,1,244,NULL,NULL,'??',1203),('260580559.99189222','xajoasksjcwakj',2,'lopcwsxng',NULL,'1',8003.15,23143,1,535,NULL,NULL,'??',1204),('731045003.7364808','',1,'dbxubmdqcotgjba',NULL,'1',2127.08,27075,1,933,NULL,NULL,'??',1205),('824947802.7698696','avopnti',2,'eyjiinxchvqogg',NULL,'1',2794.80,89296,1,36,NULL,NULL,'??',1206),('443724630.11505795','pibxy',5,'buacmddysbgwue',NULL,'1',7178.03,68849,1,444,NULL,NULL,'??',1207),('129575440.30341128','omu',5,'xljsidkkrmqsamv',NULL,'1',8650.11,46141,1,267,NULL,NULL,'??',1208),('445273140.0819215','ruvemcosmvvdafckdr',1,'rry',NULL,'1',9917.66,25278,1,442,NULL,NULL,'??',1209),('354867060.24666345','ccxlbulthkynrs',3,'rjtpct',NULL,'1',4157.84,17501,1,651,NULL,NULL,'??',1210),('571619325.3260802','jvkcpwwvduxpso',5,'warh',NULL,'1',4681.95,93655,1,452,NULL,NULL,'??',1211),('134606173.0663185','ksxcykkp',3,'ssdmohairrxaur',NULL,'1',3846.64,50089,1,333,NULL,NULL,'??',1212),('409365602.7803263','',2,'acknrtikux',NULL,'1',5121.54,4855,1,681,NULL,NULL,'??',1213),('864717009.1497238','',1,'dhrafacfufcb',NULL,'1',387.96,38328,1,643,NULL,NULL,'??',1214),('40241118.44256406','eofvddl',4,'cwjcejsskpaqqhutoas',NULL,'1',4949.49,78361,1,406,NULL,NULL,'??',1215),('469245627.95472646','gexoeqmghoefu',4,'cufoerirhssuy',NULL,'1',5161.46,18999,1,876,NULL,NULL,'??',1216),('49626743.34088524','rlmgifbqppjfwgyrj',4,'dnprobwvsmnka',NULL,'1',7144.09,91010,1,734,NULL,NULL,'??',1217),('736586455.6192143','dtytonyhptqfmmtvcdo',5,'qiwxkgfwfv',NULL,'1',4297.87,98294,1,202,NULL,NULL,'??',1218),('982178603.1124078','qpepyn',6,'vxpgbertfbiji',NULL,'1',4264.54,34923,1,340,NULL,NULL,'??',1219),('822442476.2241966','niwobuon',4,'gl',NULL,'1',1610.71,78439,1,621,NULL,NULL,'??',1220),('769468784.9129919','nn',3,'psxcqoqp',NULL,'1',3965.14,3241,1,680,NULL,NULL,'??',1221),('72041358.66947569','htltsicd',3,'gydwgprplqd',NULL,'1',8136.99,71232,1,264,NULL,NULL,'??',1222),('32404329.20740588','lbpjkdxmtgmsngpdps',5,'utkgiawqq',NULL,'1',3282.05,96241,1,595,NULL,NULL,'??',1223),('639023844.4667196','lxnobfedtmdo',2,'uygdnexsvnkklhm',NULL,'1',6430.57,80229,1,826,NULL,NULL,'??',1224),('466577951.439823','cbukytgrumgielnrfr',3,'lgi',NULL,'1',3995.53,75890,1,252,NULL,NULL,'??',1225),('121588550.22383286','dorwvuvrnufeexiotp',1,'todphubxffkxsea',NULL,'1',3175.97,80991,1,582,NULL,NULL,'??',1226),('221376075.3477033','uhwat',6,'r',NULL,'1',7554.43,87407,1,355,NULL,NULL,'??',1227),('450458110.4531304','jxycvhcgcavkwnek',4,'wnyugrbybxvn',NULL,'1',6280.24,54026,1,220,NULL,NULL,'??',1228),('581469100.3248479','sifptctnhapvgyvogb',5,'jsweyp',NULL,'1',9431.37,93377,1,979,NULL,NULL,'??',1229),('853689778.5952197','afpmhxw',5,'hghhstwynwgs',NULL,'1',8304.39,22492,1,467,NULL,NULL,'??',1230),('728216141.563261','byhqx',5,'cvtghogavycpg',NULL,'1',9132.76,43457,1,491,NULL,NULL,'??',1231),('899077213.2519487','ijlqcitwpmnophuu',2,'ratnmvbbxrllbknu',NULL,'1',1140.76,6315,1,217,NULL,NULL,'??',1232),('602629987.1287951','nxdi',6,'nas',NULL,'1',7723.79,2768,1,735,NULL,NULL,'??',1233),('337794864.6845635','wikrptflvwmvenndi',1,'',NULL,'1',2240.16,36306,1,29,NULL,NULL,'??',1234),('193095647.9736512','',6,'iolte',NULL,'1',982.86,39448,1,52,NULL,NULL,'??',1235),('908059410.4073383','rporpwcxuow',4,'ynvacoyoaflnqqq',NULL,'1',8732.23,31821,1,790,NULL,NULL,'??',1236),('40370710.54957231','litbskyepdhy',3,'ifoulktimbds',NULL,'1',4041.68,89140,1,243,NULL,NULL,'??',1237),('23089633.919782914','ejqbq',4,'ghbmcdjywrfuutu',NULL,'1',6537.24,59252,1,981,NULL,NULL,'??',1238),('577990008.7793684','lvlvwautojaptofnah',1,'kqbxtrcdhd',NULL,'1',5496.77,66819,1,69,NULL,NULL,'??',1239),('684825307.5690726','xfbxcw',6,'ehgmmpudydjxnemjso',NULL,'1',9390.71,77434,1,910,NULL,NULL,'??',1240),('624657911.2574899','yrnaccbylofcusssgs',6,'dy',NULL,'1',2927.14,37560,1,356,NULL,NULL,'??',1241),('308130814.7228353','rjuoffdjivhwalckqv',4,'',NULL,'1',728.79,81388,1,98,NULL,NULL,'??',1242),('11261247.65975356','nluqwjigk',5,'kjrjsjcldnbjtxb',NULL,'1',1984.23,23627,1,821,NULL,NULL,'??',1243),('887100988.6988702','ubxgfjydcugtay',3,'waluycejwtqrtdocckt',NULL,'1',6028.03,64490,1,367,NULL,NULL,'??',1244),('881627152.5803078','ibsmwy',6,'jrti',NULL,'1',1728.24,59482,1,871,NULL,NULL,'??',1245),('16266276.070490804','',3,'clggrua',NULL,'1',6655.39,88325,1,485,NULL,NULL,'??',1246),('654061274.8589077','yqxxaumhqweuvrmuxtg',2,'cgm',NULL,'1',5694.31,85616,1,332,NULL,NULL,'??',1247),('328754318.6962756','lslspxsuyykhekaf',5,'',NULL,'1',9041.70,31561,1,140,NULL,NULL,'??',1248),('299131518.42908424','lbvjhkblckhymqecrsm',2,'ehdlsfqmuhp',NULL,'1',1840.83,31043,1,211,NULL,NULL,'??',1249),('517716406.9306589','xmicnn',4,'gsneygynmsgbdx',NULL,'1',6303.81,56934,1,673,NULL,NULL,'??',1250),('385339565.160283','byqw',2,'jufjyfmx',NULL,'1',2646.18,89970,1,674,NULL,NULL,'??',1251),('56611292.784378596','cfnxs',2,'jifbclhexsacw',NULL,'1',7848.80,6921,1,210,NULL,NULL,'??',1252),('3597708.2616874822','sejwtdhrxaqrhvohcg',6,'t',NULL,'1',6301.02,75937,1,569,NULL,NULL,'??',1253),('271417736.4465746','mkibhcqtp',6,'mcgbk',NULL,'1',6319.29,2329,1,404,NULL,NULL,'??',1254),('17277831.42281214','bpv',2,'sqjuxuwyjs',NULL,'1',338.89,94217,1,589,NULL,NULL,'??',1255),('489811737.91031516','dvgntnwwwwgafroqsn',5,'u',NULL,'1',9086.96,57409,1,824,NULL,NULL,'??',1256),('238625815.23184323','',4,'qynartlwsfy',NULL,'1',3842.08,26470,1,979,NULL,NULL,'??',1257),('498207838.97868115','nsujghhvsfbu',6,'kjhoqusbwr',NULL,'1',2755.01,44390,1,655,NULL,NULL,'??',1258),('824263354.8823282','cyypsgpqcpnti',6,'kfmkjkspvjngyupn',NULL,'1',4263.50,68896,1,33,NULL,NULL,'??',1259),('579864303.4805834','geysuocxv',3,'qcfujarvdqfxfpmtu',NULL,'1',6456.96,88681,1,824,NULL,NULL,'??',1260),('960182323.316917','jyexsfyoetq',4,'vnrn',NULL,'1',164.49,12873,1,376,NULL,NULL,'??',1261),('541656021.5980381','pm',1,'h',NULL,'1',1585.07,73140,1,119,NULL,NULL,'??',1262),('396051327.88953215','rdwlpdvovdn',3,'tfsrvcrjxoyu',NULL,'1',4057.08,44456,1,540,NULL,NULL,'??',1263),('622412983.9373032','rpt',1,'hnaappbbb',NULL,'1',8675.92,90639,1,546,NULL,NULL,'??',1264),('543900438.6744212','ajwhsjlxqdydh',2,'iagbolvscckfvqbbj',NULL,'1',6864.83,63095,1,871,NULL,NULL,'??',1265),('223821351.17485225','npfrqujj',1,'fy',NULL,'1',4032.91,43956,1,844,NULL,NULL,'??',1266),('209556258.0667415','ennlnivqhmwmyjrk',5,'lytdnflojlxfvvy',NULL,'1',1116.35,60257,1,676,NULL,NULL,'??',1267),('430828696.8784796','lsfku',4,'hfmcwqgqlaq',NULL,'1',66.42,31347,1,206,NULL,NULL,'??',1268),('936915727.6933682','gitrl',3,'lriyw',NULL,'1',7229.28,43053,1,378,NULL,NULL,'??',1269),('160446261.96683732','gcdimoaaicejxfucmw',6,'wxfhoj',NULL,'1',854.77,25863,1,217,NULL,NULL,'??',1270),('853750895.1424246','eu',1,'exph',NULL,'1',1530.18,56650,1,452,NULL,NULL,'??',1271),('67090874.824817345','wvfgvgtsqpfp',5,'ugqlqyygjnofpxabht',NULL,'1',2926.17,2802,1,414,NULL,NULL,'??',1272),('579829003.6470914','qn',1,'b',NULL,'1',5919.58,30674,1,229,NULL,NULL,'??',1273),('563570203.1775919','j',5,'nlse',NULL,'1',6368.33,59083,1,784,NULL,NULL,'??',1274),('538440642.2497258','usxgioyecepthjcmm',2,'itpcmveouthsyxuk',NULL,'1',4293.02,9776,1,285,NULL,NULL,'??',1275),('217025765.3492983','j',4,'iwghhbslj',NULL,'1',2004.50,12673,1,671,NULL,NULL,'??',1276),('73802545.12367624','upf',4,'nhiwwxoygxun',NULL,'1',6464.07,96102,1,596,NULL,NULL,'??',1277),('529274597.3074877','tvapnxxs',4,'ntdayu',NULL,'1',1229.57,51539,1,685,NULL,NULL,'??',1278),('370220392.92740715','odsr',4,'fwvyaewpobailqjl',NULL,'1',4928.17,33048,1,984,NULL,NULL,'??',1279),('594819696.2764204','dnevvbphotbstykv',1,'psyrucsbjcogcp',NULL,'1',9155.96,97469,1,243,NULL,NULL,'??',1280),('873459997.8051883','tr',3,'omgsfxntqev',NULL,'1',6413.75,55034,1,394,NULL,NULL,'??',1281),('184246592.16578832','kstxmop',3,'euycgqcqkhqhqlv',NULL,'1',2736.16,58181,1,596,NULL,NULL,'??',1282),('887709536.1655755','mhpmrsoajlgtjrmy',4,'prbbcddcosqb',NULL,'1',8877.53,59228,1,259,NULL,NULL,'??',1283),('465827113.93846667','imffksfrnytlydfg',5,'jncoiyqskyosu',NULL,'1',548.20,4544,1,826,NULL,NULL,'??',1284),('248174065.93753698','ax',3,'sgamtybupam',NULL,'1',5033.11,72442,1,797,NULL,NULL,'??',1285),('347076534.99568725','n',3,'mdkwwilg',NULL,'1',2773.71,41776,1,195,NULL,NULL,'??',1286),('513200403.5650758','jnixeodxpkc',5,'bfjvrkfypepmrrcqdhw',NULL,'1',7306.09,72568,1,477,NULL,NULL,'??',1287),('487044549.3313431','aucothoqdcruddylbg',6,'vwcenokqc',NULL,'1',9670.04,52993,1,781,NULL,NULL,'??',1288),('372490130.740604','xuihwcedpdxx',4,'bs',NULL,'1',2467.60,19776,1,697,NULL,NULL,'??',1289),('548679155.3015195','umohofro',5,'bkstswg',NULL,'1',6421.47,9229,1,60,NULL,NULL,'??',1290),('899144011.1972791','pbahd',6,'vpensri',NULL,'1',322.48,81683,1,723,NULL,NULL,'??',1291),('581223718.4132195','mlcupdllrqlsyp',3,'cjltxbcflxkq',NULL,'1',6817.82,36659,1,533,NULL,NULL,'??',1292),('680848567.878747','kcaitrknidfe',6,'qupkmwvyossctmdlsij',NULL,'1',2464.55,30285,1,195,NULL,NULL,'??',1293),('350956761.1996197','kuqqxytryncu',6,'wreistgqj',NULL,'1',8697.09,53515,1,868,NULL,NULL,'??',1294),('625436302.594889','cuagkpqtnfrmhvmafow',3,'jeffsywkeqgkkhlv',NULL,'1',9033.33,10634,1,728,NULL,NULL,'??',1295),('483447781.5844738','mdisc',2,'bkyoo',NULL,'1',9731.68,76363,1,926,NULL,NULL,'??',1296),('552431584.4742681','phahoutrsyin',6,'tnjpdvgxkdirjr',NULL,'1',2921.37,54196,1,697,NULL,NULL,'??',1297),('903797790.8314422','pkfyiwjknkmtfuew',1,'jand',NULL,'1',2945.43,7995,1,470,NULL,NULL,'??',1298),('337257170.4918852','mdivt',3,'ciio',NULL,'1',8327.30,38144,1,912,NULL,NULL,'??',1299),('928097324.007204','bhvwxwquffcxlfd',1,'ntnswmdxmmlnaduxhcg',NULL,'1',610.59,62921,1,935,NULL,NULL,'??',1300),('978875836.6109384','affucfliuh',1,'scjrb',NULL,'1',9795.04,88253,1,312,NULL,NULL,'??',1301),('587731686.6371118','jlvtsbyxhntpghipu',5,'cjsdcicej',NULL,'1',1964.13,37131,1,164,NULL,NULL,'??',1302),('203253472.4734243','sqlbsoygw',2,'nvl',NULL,'1',6826.01,32941,1,582,NULL,NULL,'??',1303),('110754392.5104183','xvtxsrlavmc',1,'teil',NULL,'1',228.62,42505,1,14,NULL,NULL,'??',1305),('403036865.34583247','',3,'sigbx',NULL,'1',2109.23,45571,1,38,NULL,NULL,'??',1306),('751025659.3690256','llvh',2,'wlegsp',NULL,'1',6557.13,32457,1,882,NULL,NULL,'??',1308),('478147629.1055209','flbsdkeori',3,'ls',NULL,'1',135.77,11213,1,450,NULL,NULL,'??',1309),('485825937.86130357','ukcdwudxll',3,'vlqlnryxuujc',NULL,'1',1336.99,86074,1,796,NULL,NULL,'??',1310);
/*!40000 ALTER TABLE `tb_bookinfo` ENABLE KEYS */;
UNLOCK TABLES;

--
-- Table structure for table `tb_booktype`
--

DROP TABLE IF EXISTS `tb_booktype`;
/*!40101 SET @saved_cs_client     = @@character_set_client */;
/*!40101 SET character_set_client = utf8 */;
CREATE TABLE `tb_booktype` (
  `id` int(11) NOT NULL AUTO_INCREMENT,
  `typename` varchar(30) DEFAULT NULL,
  `days` int(11) DEFAULT '60' COMMENT '可借天数',
  PRIMARY KEY (`id`),
  UNIQUE KEY `tb_booktype_typename_uindex` (`typename`)
) ENGINE=InnoDB AUTO_INCREMENT=15 DEFAULT CHARSET=utf8 COMMENT='图书类型';
/*!40101 SET character_set_client = @saved_cs_client */;

--
-- Dumping data for table `tb_booktype`
--

LOCK TABLES `tb_booktype` WRITE;
/*!40000 ALTER TABLE `tb_booktype` DISABLE KEYS */;
INSERT INTO `tb_booktype` VALUES (1,'计算机',60),(2,'文学',100),(3,'语言',100),(4,'农业',60),(5,'医学',60),(6,'经济',60),(7,'科幻小说',60),(10,'2bbbb',60),(11,'爱上飞洒',60),(12,'中秋',60),(13,'计算机类',60),(14,'软件教程',60);
/*!40000 ALTER TABLE `tb_booktype` ENABLE KEYS */;
UNLOCK TABLES;

--
-- Table structure for table `tb_borrow`
--

DROP TABLE IF EXISTS `tb_borrow`;
/*!40101 SET @saved_cs_client     = @@character_set_client */;
/*!40101 SET character_set_client = utf8 */;
CREATE TABLE `tb_borrow` (
  `id` int(11) NOT NULL AUTO_INCREMENT,
  `readerid` int(11) DEFAULT NULL,
  `bookid` int(11) DEFAULT NULL,
  `borrowTime` date DEFAULT NULL,
  `backTime` date DEFAULT NULL,
  `operator` varchar(30) DEFAULT NULL,
  `ifback` tinyint(4) DEFAULT '0' COMMENT '是否归还',
  PRIMARY KEY (`id`)
) ENGINE=InnoDB DEFAULT CHARSET=utf8 COMMENT='借书表';
/*!40101 SET character_set_client = @saved_cs_client */;

--
-- Dumping data for table `tb_borrow`
--

LOCK TABLES `tb_borrow` WRITE;
/*!40000 ALTER TABLE `tb_borrow` DISABLE KEYS */;
/*!40000 ALTER TABLE `tb_borrow` ENABLE KEYS */;
UNLOCK TABLES;

--
-- Table structure for table `tb_giveback`
--

DROP TABLE IF EXISTS `tb_giveback`;
/*!40101 SET @saved_cs_client     = @@character_set_client */;
/*!40101 SET character_set_client = utf8 */;
CREATE TABLE `tb_giveback` (
  `id` int(11) NOT NULL AUTO_INCREMENT,
  `readerid` int(11) DEFAULT NULL,
  `bookid` int(11) DEFAULT NULL,
  `backTime` date DEFAULT NULL,
  `operator` varchar(30) DEFAULT NULL,
  PRIMARY KEY (`id`)
) ENGINE=InnoDB DEFAULT CHARSET=utf8 COMMENT='图书归还信息';
/*!40101 SET character_set_client = @saved_cs_client */;

--
-- Dumping data for table `tb_giveback`
--

LOCK TABLES `tb_giveback` WRITE;
/*!40000 ALTER TABLE `tb_giveback` DISABLE KEYS */;
/*!40000 ALTER TABLE `tb_giveback` ENABLE KEYS */;
UNLOCK TABLES;

--
-- Table structure for table `tb_library`
--

DROP TABLE IF EXISTS `tb_library`;
/*!40101 SET @saved_cs_client     = @@character_set_client */;
/*!40101 SET character_set_client = utf8 */;
CREATE TABLE `tb_library` (
  `id` int(11) NOT NULL AUTO_INCREMENT,
  `library_name` varchar(20) DEFAULT NULL COMMENT '图书馆名',
  `curator` varchar(20) DEFAULT NULL COMMENT '馆长',
  `tel` varchar(20) DEFAULT NULL COMMENT '电话',
  `address` varchar(100) DEFAULT NULL COMMENT '地址',
  `email` varchar(100) DEFAULT NULL,
  `url` varchar(100) DEFAULT NULL,
  `createDate` date DEFAULT NULL COMMENT '建馆日期',
  `introduce` text COMMENT '简介',
  PRIMARY KEY (`id`)
) ENGINE=InnoDB DEFAULT CHARSET=utf8 COMMENT='图书馆信息表';
/*!40101 SET character_set_client = @saved_cs_client */;

--
-- Dumping data for table `tb_library`
--

LOCK TABLES `tb_library` WRITE;
/*!40000 ALTER TABLE `tb_library` DISABLE KEYS */;
/*!40000 ALTER TABLE `tb_library` ENABLE KEYS */;
UNLOCK TABLES;

--
-- Table structure for table `tb_manger`
--

DROP TABLE IF EXISTS `tb_manger`;
/*!40101 SET @saved_cs_client     = @@character_set_client */;
/*!40101 SET character_set_client = utf8 */;
CREATE TABLE `tb_manger` (
  `id` int(11) NOT NULL AUTO_INCREMENT,
  `name` varchar(30) NOT NULL,
  `psw` varchar(30) NOT NULL,
  PRIMARY KEY (`id`)
) ENGINE=InnoDB AUTO_INCREMENT=4 DEFAULT CHARSET=utf8;
/*!40101 SET character_set_client = @saved_cs_client */;

--
-- Dumping data for table `tb_manger`
--

LOCK TABLES `tb_manger` WRITE;
/*!40000 ALTER TABLE `tb_manger` DISABLE KEYS */;
INSERT INTO `tb_manger` VALUES (2,'李四','123456'),(3,'张三','123456');
/*!40000 ALTER TABLE `tb_manger` ENABLE KEYS */;
UNLOCK TABLES;

--
-- Table structure for table `tb_parameter`
--

DROP TABLE IF EXISTS `tb_parameter`;
/*!40101 SET @saved_cs_client     = @@character_set_client */;
/*!40101 SET character_set_client = utf8 */;
CREATE TABLE `tb_parameter` (
  `id` int(10) unsigned NOT NULL AUTO_INCREMENT,
  `cost` int(10) unsigned DEFAULT NULL,
  `validity` int(10) unsigned DEFAULT NULL,
  PRIMARY KEY (`id`)
) ENGINE=InnoDB DEFAULT CHARSET=utf8;
/*!40101 SET character_set_client = @saved_cs_client */;

--
-- Dumping data for table `tb_parameter`
--

LOCK TABLES `tb_parameter` WRITE;
/*!40000 ALTER TABLE `tb_parameter` DISABLE KEYS */;
/*!40000 ALTER TABLE `tb_parameter` ENABLE KEYS */;
UNLOCK TABLES;

--
-- Table structure for table `tb_publish`
--

DROP TABLE IF EXISTS `tb_publish`;
/*!40101 SET @saved_cs_client     = @@character_set_client */;
/*!40101 SET character_set_client = utf8 */;
CREATE TABLE `tb_publish` (
  `ISBN` varchar(30) NOT NULL,
  `pubname` varchar(30) DEFAULT NULL,
  PRIMARY KEY (`ISBN`)
) ENGINE=InnoDB DEFAULT CHARSET=utf8 COMMENT='出版社信息表';
/*!40101 SET character_set_client = @saved_cs_client */;

--
-- Dumping data for table `tb_publish`
--

LOCK TABLES `tb_publish` WRITE;
/*!40000 ALTER TABLE `tb_publish` DISABLE KEYS */;
/*!40000 ALTER TABLE `tb_publish` ENABLE KEYS */;
UNLOCK TABLES;

--
-- Table structure for table `tb_purview`
--

DROP TABLE IF EXISTS `tb_purview`;
/*!40101 SET @saved_cs_client     = @@character_set_client */;
/*!40101 SET character_set_client = utf8 */;
CREATE TABLE `tb_purview` (
  `id` int(11) NOT NULL,
  `sysset` tinyint(1) DEFAULT '0',
  `readerset` tinyint(1) DEFAULT '0',
  `bookset` tinyint(1) DEFAULT '0',
  `borrowback` tinyint(1) DEFAULT '0',
  `sysquery` tinyint(1) DEFAULT '0',
  PRIMARY KEY (`id`)
) ENGINE=InnoDB DEFAULT CHARSET=utf8;
/*!40101 SET character_set_client = @saved_cs_client */;

--
-- Dumping data for table `tb_purview`
--

LOCK TABLES `tb_purview` WRITE;
/*!40000 ALTER TABLE `tb_purview` DISABLE KEYS */;
/*!40000 ALTER TABLE `tb_purview` ENABLE KEYS */;
UNLOCK TABLES;

--
-- Table structure for table `tb_reader`
--

DROP TABLE IF EXISTS `tb_reader`;
/*!40101 SET @saved_cs_client     = @@character_set_client */;
/*!40101 SET character_set_client = utf8 */;
CREATE TABLE `tb_reader` (
  `id` int(11) NOT NULL AUTO_INCREMENT,
  `name` varchar(20) DEFAULT NULL,
  `sex` char(2) DEFAULT '男',
  `barcode` varchar(30) DEFAULT NULL COMMENT '条形码',
  `vocation` varchar(50) DEFAULT NULL COMMENT '职员',
  `birthday` date DEFAULT NULL,
  `paperType` varchar(10) DEFAULT NULL COMMENT '有效证件',
  `paperNO` varchar(20) DEFAULT NULL COMMENT '证件号码',
  `tel` varchar(20) DEFAULT NULL,
  `email` varchar(20) DEFAULT NULL,
  `createDate` date DEFAULT NULL,
  `operator` varchar(30) DEFAULT NULL,
  `remark` text COMMENT '备注',
  `typeid` int(11) DEFAULT NULL COMMENT '类型',
  PRIMARY KEY (`id`)
) ENGINE=InnoDB DEFAULT CHARSET=utf8 COMMENT='读者信息表';
/*!40101 SET character_set_client = @saved_cs_client */;

--
-- Dumping data for table `tb_reader`
--

LOCK TABLES `tb_reader` WRITE;
/*!40000 ALTER TABLE `tb_reader` DISABLE KEYS */;
/*!40000 ALTER TABLE `tb_reader` ENABLE KEYS */;
UNLOCK TABLES;

--
-- Table structure for table `tb_readertype`
--

DROP TABLE IF EXISTS `tb_readertype`;
/*!40101 SET @saved_cs_client     = @@character_set_client */;
/*!40101 SET character_set_client = utf8 */;
CREATE TABLE `tb_readertype` (
  `id` int(11) NOT NULL AUTO_INCREMENT,
  `name` varchar(50) DEFAULT NULL,
  `number` int(11) DEFAULT NULL COMMENT '可借书数量',
  PRIMARY KEY (`id`)
) ENGINE=InnoDB DEFAULT CHARSET=utf8 COMMENT='读者类型信息';
/*!40101 SET character_set_client = @saved_cs_client */;

--
-- Dumping data for table `tb_readertype`
--

LOCK TABLES `tb_readertype` WRITE;
/*!40000 ALTER TABLE `tb_readertype` DISABLE KEYS */;
/*!40000 ALTER TABLE `tb_readertype` ENABLE KEYS */;
UNLOCK TABLES;

--
-- Dumping events for database 'bookmanger'
--

--
-- Dumping routines for database 'bookmanger'
--
/*!50003 DROP FUNCTION IF EXISTS `returnGetBooktypeName` */;
/*!50003 SET @saved_cs_client      = @@character_set_client */ ;
/*!50003 SET @saved_cs_results     = @@character_set_results */ ;
/*!50003 SET @saved_col_connection = @@collation_connection */ ;
/*!50003 SET character_set_client  = utf8 */ ;
/*!50003 SET character_set_results = utf8 */ ;
/*!50003 SET collation_connection  = utf8_general_ci */ ;
/*!50003 SET @saved_sql_mode       = @@sql_mode */ ;
/*!50003 SET sql_mode              = 'ONLY_FULL_GROUP_BY,STRICT_TRANS_TABLES,NO_ZERO_IN_DATE,NO_ZERO_DATE,ERROR_FOR_DIVISION_BY_ZERO,NO_AUTO_CREATE_USER,NO_ENGINE_SUBSTITUTION' */ ;
DELIMITER ;;
CREATE DEFINER=`weiwei`@`%` FUNCTION `returnGetBooktypeName`(bookid INT) RETURNS varchar(20) CHARSET utf8
BEGIN
    CALL getBooktypeName(bookid, @tname);
    RETURN @tname;
  END ;;
DELIMITER ;
/*!50003 SET sql_mode              = @saved_sql_mode */ ;
/*!50003 SET character_set_client  = @saved_cs_client */ ;
/*!50003 SET character_set_results = @saved_cs_results */ ;
/*!50003 SET collation_connection  = @saved_col_connection */ ;
/*!50003 DROP PROCEDURE IF EXISTS `getBooktypeName` */;
/*!50003 SET @saved_cs_client      = @@character_set_client */ ;
/*!50003 SET @saved_cs_results     = @@character_set_results */ ;
/*!50003 SET @saved_col_connection = @@collation_connection */ ;
/*!50003 SET character_set_client  = utf8 */ ;
/*!50003 SET character_set_results = utf8 */ ;
/*!50003 SET collation_connection  = utf8_general_ci */ ;
/*!50003 SET @saved_sql_mode       = @@sql_mode */ ;
/*!50003 SET sql_mode              = 'ONLY_FULL_GROUP_BY,STRICT_TRANS_TABLES,NO_ZERO_IN_DATE,NO_ZERO_DATE,ERROR_FOR_DIVISION_BY_ZERO,NO_AUTO_CREATE_USER,NO_ENGINE_SUBSTITUTION' */ ;
DELIMITER ;;
CREATE DEFINER=`weiwei`@`%` PROCEDURE `getBooktypeName`(IN bookid INT,OUT typename VARCHAR(20))
BEGIN
    SELECT typeid FROM tb_bookinfo WHERE id = bookid INTO @typeid;
    SET typename = (SELECT tb_booktype.typename FROM tb_booktype WHERE id = @typeid);
  END ;;
DELIMITER ;
/*!50003 SET sql_mode              = @saved_sql_mode */ ;
/*!50003 SET character_set_client  = @saved_cs_client */ ;
/*!50003 SET character_set_results = @saved_cs_results */ ;
/*!50003 SET collation_connection  = @saved_col_connection */ ;
/*!50003 DROP PROCEDURE IF EXISTS `insertBookCase` */;
/*!50003 SET @saved_cs_client      = @@character_set_client */ ;
/*!50003 SET @saved_cs_results     = @@character_set_results */ ;
/*!50003 SET @saved_col_connection = @@collation_connection */ ;
/*!50003 SET character_set_client  = utf8 */ ;
/*!50003 SET character_set_results = utf8 */ ;
/*!50003 SET collation_connection  = utf8_general_ci */ ;
/*!50003 SET @saved_sql_mode       = @@sql_mode */ ;
/*!50003 SET sql_mode              = 'ONLY_FULL_GROUP_BY,STRICT_TRANS_TABLES,NO_ZERO_IN_DATE,NO_ZERO_DATE,ERROR_FOR_DIVISION_BY_ZERO,NO_AUTO_CREATE_USER,NO_ENGINE_SUBSTITUTION' */ ;
DELIMITER ;;
CREATE DEFINER=`weiwei`@`%` PROCEDURE `insertBookCase`(in casename varchar(20))
begin 
	insert into bookmanger.tb_bookcase(name) values (casename);
end ;;
DELIMITER ;
/*!50003 SET sql_mode              = @saved_sql_mode */ ;
/*!50003 SET character_set_client  = @saved_cs_client */ ;
/*!50003 SET character_set_results = @saved_cs_results */ ;
/*!50003 SET collation_connection  = @saved_col_connection */ ;
/*!50003 DROP PROCEDURE IF EXISTS `insertBooktype` */;
/*!50003 SET @saved_cs_client      = @@character_set_client */ ;
/*!50003 SET @saved_cs_results     = @@character_set_results */ ;
/*!50003 SET @saved_col_connection = @@collation_connection */ ;
/*!50003 SET character_set_client  = utf8 */ ;
/*!50003 SET character_set_results = utf8 */ ;
/*!50003 SET collation_connection  = utf8_general_ci */ ;
/*!50003 SET @saved_sql_mode       = @@sql_mode */ ;
/*!50003 SET sql_mode              = 'ONLY_FULL_GROUP_BY,STRICT_TRANS_TABLES,NO_ZERO_IN_DATE,NO_ZERO_DATE,ERROR_FOR_DIVISION_BY_ZERO,NO_AUTO_CREATE_USER,NO_ENGINE_SUBSTITUTION' */ ;
DELIMITER ;;
CREATE DEFINER=`weiwei`@`%` PROCEDURE `insertBooktype`(in typename varchar(20), out typeid int)
begin
	declare a int ;
    set a = 100;
    set typeid = a + 100;
end ;;
DELIMITER ;
/*!50003 SET sql_mode              = @saved_sql_mode */ ;
/*!50003 SET character_set_client  = @saved_cs_client */ ;
/*!50003 SET character_set_results = @saved_cs_results */ ;
/*!50003 SET collation_connection  = @saved_col_connection */ ;
/*!40103 SET TIME_ZONE=@OLD_TIME_ZONE */;

/*!40101 SET SQL_MODE=@OLD_SQL_MODE */;
/*!40014 SET FOREIGN_KEY_CHECKS=@OLD_FOREIGN_KEY_CHECKS */;
/*!40014 SET UNIQUE_CHECKS=@OLD_UNIQUE_CHECKS */;
/*!40101 SET CHARACTER_SET_CLIENT=@OLD_CHARACTER_SET_CLIENT */;
/*!40101 SET CHARACTER_SET_RESULTS=@OLD_CHARACTER_SET_RESULTS */;
/*!40101 SET COLLATION_CONNECTION=@OLD_COLLATION_CONNECTION */;
/*!40111 SET SQL_NOTES=@OLD_SQL_NOTES */;

-- Dump completed on 2016-09-04 14:46:45
